Timestamp,Yaw1,Pitch1,Roll1,Yaw2,Pitch2,Roll2,Yaw3,Pitch3,Roll3,Yaw4,Pitch4,Roll4,Yaw5,Pitch5,Roll5
2025-05-26 14:10:37,-20.75,-10.28,-26.78,8.2,10.31,-79.26,-22.8,-23.02,-63.78,-38.69,-36.83,-46.17,5.28,7.38,-62.24
2025-05-26 14:10:37,-20.92,-10.25,-28.18,8.26,9.3,-80.38,-22.84,-23.79,-62.39,-38.6,-37.2,-45.86,5.32,6.64,-64.81
2025-05-26 14:10:38,-21.04,-11.18,-26.93,8.33,8.92,-80.06,-22.85,-24.24,-61.95,-38.52,-38.82,-42.58,5.37,4.85,-64.99
2025-05-26 14:10:38,-21.13,-12.15,-24.94,8.36,8.55,-80.39,-22.88,-24.08,-62.65,-38.6,-39.95,-40.77,5.4,4.8,-63.0
2025-05-26 14:10:38,-21.12,-11.4,-25.35,8.39,9.15,-79.58,-22.91,-24.34,-62.71,-38.73,-39.39,-42.31,5.46,6.23,-62.55
2025-05-26 14:10:38,-21.07,-10.12,-25.78,8.44,9.82,-79.34,-22.94,-24.38,-62.0,-38.79,-37.98,-44.36,5.54,6.83,-62.37
2025-05-26 14:10:38,-21.12,-13.08,-25.94,8.46,8.48,-80.74,-22.84,-22.58,-63.69,-38.97,-39.87,-42.45,5.52,5.21,-62.87
2025-05-26 14:10:38,-21.16,-11.01,-27.83,8.46,11.05,-78.64,-22.85,-21.52,-64.97,-39.17,-36.49,-47.33,5.44,8.06,-62.21
2025-05-26 14:10:38,-21.18,-9.02,-29.47,8.48,9.43,-80.5,-22.93,-24.93,-61.08,-39.27,-36.96,-46.79,5.47,6.88,-65.06
2025-05-26 14:10:38,-21.17,-9.58,-29.91,8.55,10.54,-79.23,-22.9,-22.62,-63.81,-39.24,-36.96,-46.6,5.61,6.73,-65.24
2025-05-26 14:10:38,-21.16,-11.14,-28.75,8.57,7.77,-81.89,-22.91,-25.07,-61.58,-39.18,-39.61,-43.23,5.72,3.95,-65.58
2025-05-26 14:10:39,-21.13,-11.82,-27.87,8.6,9.71,-80.06,-22.91,-23.24,-63.78,-39.17,-38.86,-44.06,5.76,5.64,-64.13
2025-05-26 14:10:39,-21.07,-11.07,-27.5,8.6,9.13,-80.66,-22.94,-24.29,-62.69,-39.24,-38.97,-43.79,5.78,5.66,-63.55
2025-05-26 14:10:39,-20.98,-10.39,-27.11,8.62,9.53,-80.07,-22.95,-23.98,-63.45,-39.27,-38.29,-44.52,5.85,6.72,-61.98
2025-05-26 14:10:39,-20.9,-10.6,-28.01,8.64,9.38,-80.49,-22.96,-24.33,-62.82,-39.29,-37.92,-45.41,5.96,6.17,-63.33
2025-05-26 14:10:39,-20.84,-10.95,-28.53,8.67,9.22,-80.62,-22.97,-23.82,-62.74,-39.3,-38.33,-44.99,6.09,5.87,-63.39
2025-05-26 14:10:39,-20.79,-10.93,-28.49,8.71,9.33,-80.49,-22.96,-23.1,-63.32,-39.31,-38.31,-44.88,6.22,5.79,-64.24
2025-05-26 14:10:39,-20.74,-10.9,-28.09,8.74,9.12,-80.61,-22.99,-23.97,-62.45,-39.26,-37.77,-45.36,6.34,6.2,-63.94
2025-05-26 14:10:39,-20.74,-11.07,-28.06,8.8,9.36,-80.55,-23.0,-23.64,-63.26,-39.22,-38.3,-44.76,6.42,5.7,-63.25
2025-05-26 14:10:39,-20.77,-11.3,-27.45,8.83,8.83,-80.96,-23.03,-23.92,-63.32,-39.24,-39.19,-43.86,6.48,5.43,-63.97
2025-05-26 14:10:40,-20.79,-11.57,-28.06,8.85,9.38,-80.47,-23.07,-24.22,-63.12,-39.28,-38.87,-44.33,6.51,4.85,-64.82
2025-05-26 14:10:40,-20.8,-11.28,-28.76,8.87,8.98,-80.98,-23.08,-23.9,-63.04,-39.32,-38.5,-45.2,6.55,5.31,-65.52
2025-05-26 14:10:40,-20.79,-11.65,-29.76,8.88,9.14,-80.85,-23.1,-24.18,-63.02,-39.36,-38.3,-45.77,6.59,4.92,-66.28
2025-05-26 14:10:40,-20.78,-11.58,-29.55,8.9,9.03,-80.93,-23.12,-23.61,-63.2,-39.38,-38.33,-45.43,6.61,5.48,-65.53
2025-05-26 14:10:40,-20.79,-11.37,-29.56,8.9,8.92,-81.05,-23.14,-23.62,-63.18,-39.37,-38.29,-45.53,6.62,5.24,-65.05
2025-05-26 14:10:40,-20.82,-11.4,-27.96,8.92,8.98,-80.81,-23.17,-24.09,-63.06,-39.37,-39.01,-44.64,6.62,5.41,-64.55
2025-05-26 14:10:40,-20.87,-11.41,-27.73,8.92,8.86,-81.02,-23.2,-23.98,-63.05,-39.4,-38.67,-44.58,6.61,4.92,-64.54
2025-05-26 14:10:40,-20.92,-11.33,-28.22,8.93,9.24,-80.74,-23.23,-23.74,-63.13,-39.43,-38.79,-44.65,6.6,5.24,-64.46
2025-05-26 14:10:40,-20.98,-11.49,-28.17,8.94,9.2,-80.71,-23.26,-23.79,-62.97,-39.47,-38.68,-44.37,6.57,5.43,-64.08
2025-05-26 14:10:41,-21.06,-11.42,-27.52,8.94,9.1,-80.73,-23.3,-24.14,-62.64,-39.53,-39.16,-43.9,6.55,5.55,-64.39
2025-05-26 14:10:41,-21.12,-11.02,-27.06,8.92,8.88,-80.81,-23.34,-23.92,-62.64,-39.58,-38.77,-43.55,6.52,5.64,-63.4
2025-05-26 14:10:41,-21.18,-11.11,-26.96,8.91,9.13,-80.65,-23.36,-23.75,-63.05,-39.67,-39.02,-43.7,6.49,5.94,-63.61
2025-05-26 14:10:41,-21.24,-11.19,-27.44,8.91,9.23,-80.47,-23.39,-23.77,-62.64,-39.76,-39.06,-43.86,6.47,5.82,-63.89
2025-05-26 14:10:41,-21.31,-11.12,-27.0,8.91,9.31,-80.5,-23.4,-23.52,-63.09,-39.84,-38.38,-44.09,6.45,5.71,-63.4
2025-05-26 14:10:41,-21.35,-10.59,-27.17,8.91,9.25,-80.44,-23.42,-23.96,-62.9,-39.95,-39.04,-43.65,6.43,5.68,-63.96
2025-05-26 14:10:41,-21.4,-11.31,-27.48,8.9,8.97,-80.94,-23.41,-23.44,-63.13,-40.06,-39.12,-43.96,6.42,5.48,-64.27
2025-05-26 14:10:41,-21.41,-11.28,-29.37,8.9,9.41,-80.56,-23.41,-23.89,-62.99,-40.15,-38.7,-44.82,6.41,5.39,-65.72
2025-05-26 14:10:41,-21.43,-11.57,-29.42,8.88,8.85,-81.15,-23.41,-23.84,-63.23,-40.19,-38.31,-45.44,6.39,5.16,-66.38
2025-05-26 14:10:42,-21.42,-11.23,-29.85,8.87,9.25,-80.75,-23.41,-23.95,-62.94,-40.21,-38.14,-46.48,6.38,5.33,-66.15
2025-05-26 14:10:42,-21.42,-11.47,-29.54,8.86,9.23,-80.77,-23.42,-24.06,-63.26,-40.24,-38.24,-46.0,6.36,5.17,-66.6
2025-05-26 14:10:42,-21.39,-11.03,-29.37,8.86,9.28,-80.71,-23.43,-24.04,-63.21,-40.27,-38.49,-45.64,6.34,5.39,-66.52
2025-05-26 14:10:42,-21.38,-11.38,-29.42,8.86,9.14,-80.86,-23.46,-24.15,-63.04,-40.29,-38.38,-45.96,6.34,5.34,-65.78
2025-05-26 14:10:42,-21.38,-11.37,-29.06,8.83,8.96,-81.0,-23.48,-23.48,-63.45,-40.3,-38.26,-45.71,6.34,5.08,-66.29
2025-05-26 14:10:42,-21.37,-11.52,-28.86,8.8,9.19,-80.81,-23.51,-23.58,-63.1,-40.31,-38.21,-45.81,6.33,5.54,-65.49
2025-05-26 14:10:42,-21.36,-11.14,-28.68,8.75,9.03,-80.96,-23.54,-23.45,-63.13,-40.34,-38.23,-45.92,6.32,5.8,-65.02
2025-05-26 14:10:42,-21.37,-11.23,-28.93,8.72,9.44,-80.52,-23.59,-23.76,-62.75,-40.36,-38.24,-45.51,6.3,5.31,-65.41
2025-05-26 14:10:42,-21.38,-11.39,-28.13,8.67,9.51,-80.3,-23.65,-23.5,-62.39,-40.39,-38.28,-45.46,6.3,5.8,-65.7
2025-05-26 14:10:43,-21.4,-10.98,-27.9,8.65,9.72,-80.01,-23.69,-24.07,-62.49,-40.42,-38.4,-45.24,6.3,6.09,-64.23
2025-05-26 14:10:43,-21.41,-11.08,-28.1,8.64,9.68,-80.14,-23.72,-23.52,-61.92,-40.47,-38.12,-45.58,6.31,5.8,-65.78
2025-05-26 14:10:43,-21.43,-11.02,-28.38,8.64,9.62,-79.8,-23.75,-23.57,-61.92,-40.5,-38.15,-45.58,6.32,5.75,-65.01
2025-05-26 14:10:43,-21.47,-10.89,-27.71,8.63,9.54,-80.04,-23.76,-23.2,-62.17,-40.56,-38.58,-44.64,6.32,6.04,-65.08
2025-05-26 14:10:43,-21.54,-11.18,-27.32,8.62,9.04,-79.96,-23.76,-22.73,-61.83,-40.64,-38.69,-44.39,6.32,6.05,-64.64
2025-05-26 14:10:43,-21.61,-10.9,-27.06,8.62,9.98,-78.6,-23.76,-23.02,-61.37,-40.72,-38.5,-44.25,6.31,6.33,-64.44
2025-05-26 14:10:43,-21.68,-10.32,-26.7,8.63,10.17,-78.88,-23.75,-23.16,-61.94,-40.79,-38.03,-44.04,6.3,6.88,-63.28
2025-05-26 14:10:43,-21.78,-10.68,-26.01,8.64,9.51,-79.06,-23.72,-23.1,-62.09,-40.89,-38.61,-43.72,6.3,6.23,-64.33
2025-05-26 14:10:43,-21.83,-10.86,-27.49,8.64,9.71,-79.38,-23.72,-22.84,-60.81,-40.98,-38.37,-44.82,6.3,6.05,-66.05
2025-05-26 14:10:44,-21.87,-10.96,-28.2,8.65,10.03,-79.03,-23.7,-22.49,-60.7,-41.05,-38.57,-44.6,6.29,5.84,-65.41
2025-05-26 14:10:44,-21.92,-10.78,-27.4,8.66,9.73,-79.32,-23.7,-23.06,-61.07,-41.1,-38.71,-43.96,6.29,6.24,-64.75
2025-05-26 14:10:44,-21.95,-10.92,-27.19,8.67,9.62,-79.55,-23.71,-23.09,-61.3,-41.15,-38.49,-44.54,6.3,5.84,-65.28
2025-05-26 14:10:44,-21.96,-10.76,-27.81,8.67,9.66,-79.72,-23.7,-23.04,-61.66,-41.2,-38.77,-44.58,6.32,6.05,-65.31
2025-05-26 14:10:44,-21.96,-10.89,-27.94,8.69,10.04,-79.6,-23.7,-23.1,-62.32,-41.24,-38.35,-45.26,6.34,6.07,-65.36
2025-05-26 14:10:44,-21.98,-11.22,-28.8,8.69,9.51,-80.23,-23.69,-23.67,-62.55,-41.3,-38.68,-45.51,6.37,5.72,-66.16
2025-05-26 14:10:44,-21.97,-11.39,-29.94,8.71,9.5,-80.44,-23.69,-23.51,-62.42,-41.34,-38.15,-46.59,6.4,5.35,-68.01
2025-05-26 14:10:44,-21.97,-11.33,-30.91,8.73,9.61,-80.38,-23.7,-23.42,-62.52,-41.36,-37.68,-47.59,6.43,5.14,-68.33
2025-05-26 14:10:44,-21.97,-11.66,-31.5,8.74,9.59,-80.38,-23.72,-23.9,-62.76,-41.36,-37.8,-47.64,6.44,5.08,-69.03
2025-05-26 14:10:45,-21.95,-11.29,-31.56,8.78,10.02,-79.96,-23.73,-23.79,-62.73,-41.35,-37.72,-47.9,6.45,5.26,-69.42
2025-05-26 14:10:45,-21.94,-11.42,-31.58,8.8,9.58,-80.37,-23.72,-23.18,-63.02,-41.32,-37.88,-47.64,6.44,4.78,-69.88
2025-05-26 14:10:45,-21.93,-11.47,-31.01,8.82,9.5,-80.49,-23.73,-23.63,-62.85,-41.26,-37.35,-47.71,6.42,5.08,-68.72
2025-05-26 14:10:45,-21.92,-11.41,-30.43,8.84,9.62,-80.38,-23.74,-23.61,-62.98,-41.2,-37.54,-47.61,6.42,5.1,-68.79
2025-05-26 14:10:45,-21.9,-11.42,-30.44,8.86,9.69,-80.3,-23.74,-23.46,-63.06,-41.14,-37.84,-46.98,6.41,5.58,-68.08
2025-05-26 14:10:45,-21.87,-11.35,-30.06,8.88,9.58,-80.39,-23.77,-23.77,-61.85,-41.08,-37.78,-46.99,6.41,5.48,-67.87
2025-05-26 14:10:45,-21.86,-11.53,-29.78,8.91,9.98,-79.96,-23.79,-23.58,-62.19,-41.03,-38.03,-46.31,6.4,5.83,-66.52
2025-05-26 14:10:45,-21.86,-11.1,-28.67,8.94,9.77,-80.05,-23.81,-23.41,-62.15,-40.96,-38.25,-45.89,6.4,5.81,-66.25
2025-05-26 14:10:45,-21.85,-11.31,-28.64,8.98,9.92,-79.95,-23.84,-23.78,-61.51,-40.91,-38.26,-45.34,6.41,5.81,-66.09
2025-05-26 14:10:46,-21.84,-11.21,-27.48,8.99,9.54,-80.08,-23.84,-23.34,-62.33,-40.88,-38.76,-44.81,6.41,5.58,-65.67
2025-05-26 14:10:46,-21.84,-11.48,-27.93,9.01,9.54,-80.22,-23.85,-23.55,-61.93,-40.86,-38.31,-45.24,6.44,6.14,-65.57
2025-05-26 14:10:46,-21.83,-11.23,-28.09,9.04,9.79,-79.88,-23.84,-23.17,-62.5,-40.86,-38.34,-45.32,6.46,5.85,-65.7
2025-05-26 14:10:46,-21.83,-11.58,-28.85,9.05,9.59,-80.23,-23.84,-23.24,-62.13,-40.86,-38.11,-45.95,6.46,5.86,-66.4
2025-05-26 14:10:46,-21.82,-10.98,-29.09,9.06,9.64,-80.22,-23.85,-23.26,-62.24,-40.84,-38.02,-46.34,6.47,5.77,-66.81
2025-05-26 14:10:46,-21.8,-11.42,-29.68,9.08,9.72,-80.13,-23.84,-23.13,-62.75,-40.82,-38.29,-45.63,6.48,5.88,-67.31
2025-05-26 14:10:46,-21.78,-11.23,-29.3,9.08,9.05,-80.85,-23.84,-23.61,-62.62,-40.79,-37.97,-46.31,6.49,5.65,-66.64
2025-05-26 14:10:46,-21.78,-11.44,-28.98,9.1,9.58,-80.22,-23.85,-23.38,-62.5,-40.76,-37.69,-46.66,6.49,5.32,-66.78
2025-05-26 14:10:46,-21.78,-11.2,-28.82,9.1,9.48,-80.3,-23.85,-23.3,-62.53,-40.74,-38.08,-46.2,6.49,5.52,-66.53
2025-05-26 14:10:47,-21.81,-11.55,-28.92,9.11,9.26,-80.65,-23.85,-23.24,-62.66,-40.74,-38.32,-45.79,6.49,5.78,-66.4
2025-05-26 14:10:47,-21.85,-11.65,-29.06,9.12,9.71,-80.13,-23.87,-23.52,-62.25,-40.76,-38.73,-45.52,6.48,5.43,-66.49
2025-05-26 14:10:47,-21.88,-11.56,-29.05,9.13,9.31,-80.48,-23.87,-23.01,-62.79,-40.76,-38.5,-45.74,6.47,5.86,-66.74
2025-05-26 14:10:47,-21.9,-11.27,-29.06,9.13,9.6,-80.31,-23.88,-23.51,-62.57,-40.77,-38.21,-45.66,6.46,5.75,-66.92
2025-05-26 14:10:47,-21.92,-11.32,-28.96,9.14,9.24,-80.6,-23.88,-23.44,-62.32,-40.78,-38.29,-46.1,6.44,5.58,-66.69
2025-05-26 14:10:47,-21.94,-11.38,-28.98,9.15,9.75,-80.02,-23.88,-23.21,-62.32,-40.78,-38.39,-45.6,6.43,5.56,-66.28
2025-05-26 14:10:47,-21.96,-11.47,-28.92,9.16,9.58,-80.21,-23.89,-23.22,-62.65,-40.79,-38.57,-45.69,6.41,5.78,-66.79
2025-05-26 14:10:47,-21.97,-11.3,-28.79,9.16,9.49,-80.33,-23.89,-23.08,-62.41,-40.79,-37.99,-45.79,6.41,5.98,-66.62
2025-05-26 14:10:47,-21.99,-11.37,-28.99,9.18,9.94,-79.79,-23.89,-23.16,-62.76,-40.8,-38.29,-46.04,6.41,5.85,-66.35
2025-05-26 14:10:48,-22.0,-11.14,-28.76,9.19,9.8,-80.06,-23.89,-23.32,-62.3,-40.79,-37.75,-46.12,6.41,5.78,-66.21
2025-05-26 14:10:48,-22.01,-11.13,-28.34,9.2,9.42,-80.34,-23.9,-23.31,-62.56,-40.79,-38.66,-45.5,6.41,5.86,-66.44
2025-05-26 14:10:48,-22.02,-11.12,-28.71,9.21,9.77,-80.06,-23.9,-23.33,-62.54,-40.81,-38.38,-45.65,6.41,5.72,-66.73
2025-05-26 14:10:48,-22.04,-11.57,-29.07,9.22,9.44,-80.36,-23.9,-23.05,-62.49,-40.81,-38.11,-46.01,6.42,5.45,-66.86
2025-05-26 14:10:48,-22.04,-11.37,-29.2,9.23,9.7,-80.18,-23.91,-23.39,-61.93,-40.8,-38.02,-46.35,6.43,5.53,-67.18
2025-05-26 14:10:48,-22.03,-11.2,-29.11,9.24,9.57,-80.32,-23.91,-23.43,-62.2,-40.78,-38.12,-45.86,6.43,5.59,-67.07
2025-05-26 14:10:48,-22.02,-11.22,-29.12,9.24,9.57,-80.33,-23.92,-23.15,-62.92,-40.77,-38.19,-45.77,6.45,5.7,-66.55
2025-05-26 14:10:48,-22.0,-11.44,-29.14,9.25,9.38,-80.46,-23.91,-23.24,-62.46,-40.76,-38.58,-45.48,6.45,5.42,-66.99
2025-05-26 14:10:48,-21.98,-11.13,-28.92,9.26,9.62,-80.23,-23.92,-23.46,-62.27,-40.75,-38.2,-45.98,6.48,5.69,-66.47
2025-05-26 14:10:49,-21.94,-11.18,-29.23,9.27,9.7,-80.14,-23.92,-23.42,-62.49,-40.73,-38.46,-45.7,6.5,5.6,-66.27
2025-05-26 14:10:49,-21.94,-11.56,-28.98,9.28,9.63,-80.15,-23.92,-23.08,-62.61,-40.72,-38.38,-45.81,6.51,5.72,-66.83
2025-05-26 14:10:49,-21.93,-11.44,-28.78,9.28,9.49,-80.18,-23.92,-23.35,-62.42,-40.71,-38.53,-45.33,6.53,5.63,-66.49
2025-05-26 14:10:49,-21.92,-11.24,-28.51,9.29,9.71,-80.04,-23.93,-23.22,-62.8,-40.71,-38.86,-44.94,6.54,5.69,-66.15
2025-05-26 14:10:49,-21.9,-11.36,-28.73,9.3,9.78,-80.12,-23.93,-23.05,-62.77,-40.69,-38.23,-45.81,6.57,5.63,-66.54
2025-05-26 14:10:49,-21.88,-11.37,-29.1,9.3,9.15,-80.76,-23.93,-23.45,-62.3,-40.68,-38.33,-45.93,6.58,5.65,-66.79
2025-05-26 14:10:49,-21.88,-11.54,-29.04,9.31,9.58,-80.27,-23.93,-23.45,-62.39,-40.67,-38.09,-46.09,6.61,5.9,-66.25
2025-05-26 14:10:49,-21.89,-11.4,-29.01,9.32,9.76,-80.1,-23.93,-23.45,-62.45,-40.65,-38.04,-45.94,6.62,5.75,-66.53
2025-05-26 14:10:49,-21.91,-11.89,-29.2,9.32,9.13,-80.7,-23.94,-23.35,-62.29,-40.65,-38.5,-45.54,6.61,5.43,-66.77
2025-05-26 14:10:50,-21.92,-11.34,-29.11,9.33,9.71,-80.15,-23.94,-23.13,-62.92,-40.65,-38.39,-45.68,6.6,5.18,-67.29
2025-05-26 14:10:50,-21.93,-11.8,-29.08,9.32,9.25,-80.61,-23.95,-23.63,-62.17,-40.64,-38.12,-45.9,6.58,5.32,-66.97
2025-05-26 14:10:50,-21.92,-11.48,-28.84,9.33,9.61,-80.23,-23.95,-23.32,-62.33,-40.63,-38.2,-45.96,6.59,5.68,-66.72
2025-05-26 14:10:50,-21.93,-11.28,-28.77,9.34,9.43,-80.42,-23.94,-23.37,-62.63,-40.64,-38.35,-45.4,6.59,5.59,-66.73
2025-05-26 14:10:50,-21.96,-11.62,-28.55,9.34,9.64,-80.22,-23.94,-23.3,-62.38,-40.65,-38.47,-45.68,6.59,5.83,-66.51
2025-05-26 14:10:50,-21.99,-11.88,-28.71,9.36,9.75,-80.07,-23.96,-23.33,-62.42,-40.67,-38.75,-45.09,6.59,5.46,-66.69
2025-05-26 14:10:50,-22.02,-11.7,-28.75,9.37,9.53,-80.28,-23.98,-23.72,-62.2,-40.65,-38.19,-45.62,6.58,5.59,-66.25
2025-05-26 14:10:50,-22.07,-11.35,-29.33,9.38,9.76,-80.02,-23.98,-23.1,-62.47,-40.6,-37.98,-46.49,6.59,5.63,-67.17
2025-05-26 14:10:50,-22.13,-11.73,-29.79,9.42,9.75,-80.2,-23.99,-23.27,-62.46,-40.49,-37.64,-46.43,6.6,5.5,-67.18
2025-05-26 14:10:51,-22.2,-11.93,-29.39,9.45,9.43,-80.43,-24.02,-23.66,-62.14,-40.4,-38.31,-45.19,6.64,5.42,-67.69
2025-05-26 14:10:51,-22.28,-12.9,-28.2,9.47,8.99,-80.73,-24.05,-23.18,-62.6,-40.38,-38.96,-43.5,6.65,4.31,-66.9
2025-05-26 14:10:51,-22.29,-12.27,-28.11,9.48,9.5,-80.21,-24.05,-23.2,-62.42,-40.4,-38.26,-44.31,6.64,5.09,-66.64
2025-05-26 14:10:51,-22.24,-11.4,-28.42,9.48,9.72,-80.13,-24.04,-22.85,-62.77,-40.42,-37.88,-45.1,6.65,5.95,-66.24
2025-05-26 14:10:51,-22.21,-11.49,-28.63,9.48,9.63,-80.22,-24.03,-23.34,-62.16,-40.4,-37.51,-45.78,6.68,6.41,-66.48
2025-05-26 14:10:51,-22.2,-11.67,-28.63,9.51,9.65,-80.23,-24.02,-23.0,-62.79,-40.32,-37.55,-46.43,6.71,5.8,-66.3
2025-05-26 14:10:51,-22.25,-12.36,-29.05,9.53,9.53,-80.4,-24.02,-23.28,-62.43,-40.26,-37.92,-45.83,6.73,5.17,-67.32
2025-05-26 14:10:51,-22.31,-12.63,-28.15,9.53,8.85,-80.89,-24.04,-23.56,-62.37,-40.3,-39.4,-43.37,6.7,4.26,-67.06
2025-05-26 14:10:51,-22.34,-12.62,-27.76,9.51,8.76,-80.99,-24.07,-23.55,-62.18,-40.38,-39.2,-43.6,6.67,4.75,-66.84
2025-05-26 14:10:52,-22.35,-12.4,-28.07,9.48,8.93,-80.91,-24.06,-23.49,-62.22,-40.46,-38.2,-45.16,6.63,5.3,-66.35
2025-05-26 14:10:52,-22.36,-11.78,-28.88,9.47,9.56,-80.35,-24.05,-23.3,-62.13,-40.52,-37.92,-45.81,6.6,5.89,-66.53
2025-05-26 14:10:52,-22.39,-11.75,-29.56,9.46,9.42,-80.56,-24.05,-23.36,-62.45,-40.55,-37.37,-46.37,6.57,5.81,-67.16
2025-05-26 14:10:52,-22.44,-11.85,-29.51,9.47,9.59,-80.4,-24.06,-23.44,-62.66,-40.57,-37.84,-45.57,6.54,5.99,-67.44
2025-05-26 14:10:52,-22.51,-11.75,-28.97,9.46,9.44,-80.47,-24.08,-23.11,-62.67,-40.61,-38.19,-45.31,6.5,5.19,-67.43
2025-05-26 14:10:52,-22.57,-12.46,-29.01,9.45,9.48,-80.36,-24.09,-23.35,-62.69,-40.67,-38.66,-44.32,6.45,5.33,-66.8
2025-05-26 14:10:52,-22.62,-12.02,-29.18,9.43,9.36,-80.55,-24.12,-23.28,-62.59,-40.74,-38.18,-45.3,6.4,5.52,-66.87
2025-05-26 14:10:52,-22.66,-11.69,-29.18,9.41,9.65,-80.27,-24.14,-23.1,-62.43,-40.83,-38.44,-44.71,6.33,5.93,-66.28
2025-05-26 14:10:52,-22.64,-10.61,-29.86,9.41,9.77,-80.18,-24.15,-22.87,-62.19,-40.82,-37.49,-46.03,6.3,6.48,-66.75
2025-05-26 14:10:53,-22.64,-10.96,-30.23,9.42,9.89,-80.11,-24.16,-22.78,-62.64,-40.76,-37.64,-45.38,6.31,6.09,-66.46
2025-05-26 14:10:53,-22.65,-11.66,-29.49,9.44,9.55,-80.4,-24.17,-23.08,-62.58,-40.66,-38.0,-45.51,6.33,5.8,-66.49
2025-05-26 14:10:53,-22.66,-11.73,-28.94,9.47,9.85,-80.04,-24.19,-23.34,-62.16,-40.57,-38.25,-44.42,6.35,5.29,-66.39
2025-05-26 14:10:53,-22.69,-12.26,-28.18,9.48,9.13,-80.76,-24.21,-23.72,-62.2,-40.53,-38.58,-44.31,6.38,5.23,-65.49
2025-05-26 14:10:53,-22.72,-12.16,-28.61,9.49,9.39,-80.46,-24.2,-23.06,-62.31,-40.53,-38.76,-44.1,6.4,5.32,-65.82
2025-05-26 14:10:53,-22.75,-12.15,-28.46,9.49,9.26,-80.62,-24.2,-23.65,-61.62,-40.53,-38.56,-44.1,6.4,5.61,-65.19
2025-05-26 14:10:53,-22.78,-11.93,-28.31,9.49,9.41,-80.44,-24.19,-23.16,-62.15,-40.53,-38.39,-44.51,6.39,5.67,-66.12
2025-05-26 14:10:53,-22.82,-11.92,-29.09,9.49,9.43,-80.52,-24.18,-23.28,-62.49,-40.52,-38.01,-45.2,6.39,5.87,-66.18
2025-05-26 14:10:53,-22.87,-11.78,-29.38,9.49,9.7,-80.26,-24.18,-23.27,-62.6,-40.54,-37.81,-44.81,6.37,5.48,-66.94
2025-05-26 14:10:54,-22.93,-12.25,-29.02,9.48,9.19,-80.77,-24.19,-23.44,-62.43,-40.57,-38.26,-44.27,6.35,5.22,-67.17
2025-05-26 14:10:54,-22.95,-11.79,-29.22,9.48,9.46,-80.53,-24.19,-23.17,-62.46,-40.62,-38.45,-44.27,6.34,5.69,-66.75
2025-05-26 14:10:54,-22.99,-11.87,-29.14,9.47,9.57,-80.36,-24.18,-23.02,-62.79,-40.66,-38.1,-44.4,6.3,5.34,-67.0
2025-05-26 14:10:54,-23.01,-11.76,-30.0,9.46,9.48,-80.5,-24.17,-22.92,-62.83,-40.71,-38.13,-44.46,6.28,5.64,-66.74
2025-05-26 14:10:54,-23.02,-11.71,-29.43,9.46,9.74,-80.21,-24.17,-23.14,-62.39,-40.75,-37.87,-44.57,6.26,5.23,-66.96
2025-05-26 14:10:54,-23.0,-11.72,-29.14,9.45,9.36,-80.6,-24.16,-23.09,-62.31,-40.81,-38.26,-44.2,6.26,5.86,-66.37
2025-05-26 14:10:54,-22.98,-11.59,-29.14,9.45,9.53,-80.37,-24.16,-23.01,-62.8,-40.85,-37.83,-44.35,6.26,5.91,-66.63
2025-05-26 14:10:54,-22.94,-11.48,-29.12,9.44,9.47,-80.48,-24.15,-23.22,-62.51,-40.91,-38.39,-44.05,6.27,5.94,-66.5
2025-05-26 14:10:54,-22.91,-12.21,-28.81,9.43,9.56,-80.4,-24.15,-23.1,-62.53,-40.99,-37.98,-44.42,6.26,5.32,-66.26
2025-05-26 14:10:55,-22.85,-11.55,-29.32,9.42,9.97,-80.02,-24.14,-23.29,-62.38,-41.07,-38.1,-45.28,6.26,6.35,-66.12
2025-05-26 14:10:55,-22.81,-10.99,-29.85,9.43,9.84,-80.16,-24.14,-23.31,-62.38,-41.05,-37.39,-46.3,6.27,6.49,-66.41
2025-05-26 14:10:55,-22.83,-11.54,-29.86,9.44,9.53,-80.47,-24.15,-23.47,-62.5,-41.03,-38.3,-45.09,6.29,5.96,-66.5
2025-05-26 14:10:55,-22.85,-11.75,-29.16,9.45,9.11,-80.84,-24.16,-23.43,-62.17,-41.02,-38.48,-44.61,6.3,5.02,-66.47
2025-05-26 14:10:55,-22.88,-12.31,-28.68,9.45,9.01,-80.84,-24.16,-23.33,-62.45,-41.06,-39.0,-43.74,6.3,4.82,-66.41
2025-05-26 14:10:55,-22.89,-12.17,-29.2,9.44,9.29,-80.62,-24.15,-23.0,-62.65,-41.13,-38.68,-44.75,6.28,5.42,-66.46
2025-05-26 14:10:55,-22.9,-11.48,-30.06,9.43,9.66,-80.32,-24.14,-22.92,-62.44,-41.15,-37.92,-45.61,6.26,6.4,-65.99
2025-05-26 14:10:55,-22.94,-11.33,-30.28,9.43,9.66,-80.33,-24.14,-22.8,-62.81,-41.14,-37.89,-45.42,6.25,6.29,-66.43
2025-05-26 14:10:55,-22.99,-11.23,-29.98,9.46,9.87,-80.1,-24.16,-23.29,-62.54,-41.09,-37.92,-45.26,6.24,5.88,-66.43
2025-05-26 14:10:56,-23.04,-11.54,-29.84,9.48,9.77,-80.23,-24.16,-22.63,-63.36,-41.03,-37.62,-45.4,6.26,6.03,-67.26
2025-05-26 14:10:56,-23.08,-11.66,-29.24,9.49,9.41,-80.52,-24.17,-23.45,-62.75,-41.0,-38.68,-43.94,6.27,5.4,-66.37
2025-05-26 14:10:56,-23.11,-11.97,-28.04,9.49,9.21,-80.67,-24.18,-23.19,-62.36,-41.01,-38.61,-43.14,6.28,5.53,-65.6
2025-05-26 14:10:56,-23.13,-12.47,-28.09,9.48,9.34,-80.5,-24.18,-23.43,-62.23,-41.06,-38.71,-43.33,6.27,5.49,-65.82
2025-05-26 14:10:56,-23.13,-12.1,-28.97,9.48,9.76,-80.18,-24.15,-23.02,-62.77,-41.11,-38.31,-44.54,6.27,5.99,-65.32
2025-05-26 14:10:56,-23.15,-11.94,-29.49,9.47,9.12,-80.81,-24.13,-22.97,-62.72,-41.15,-38.01,-45.3,6.25,5.7,-66.25
2025-05-26 14:10:56,-23.16,-11.67,-29.37,9.46,9.83,-80.14,-24.11,-22.83,-63.07,-41.21,-38.16,-44.19,6.22,5.67,-66.47
2025-05-26 14:10:56,-23.16,-11.66,-29.13,9.45,9.61,-80.37,-24.1,-22.92,-63.08,-41.26,-38.05,-44.65,6.2,5.69,-66.71
2025-05-26 14:10:56,-23.12,-11.07,-29.79,9.45,9.97,-80.03,-24.08,-22.86,-63.06,-41.27,-37.6,-45.66,6.2,6.4,-66.67
2025-05-26 14:10:57,-23.12,-11.35,-30.22,9.47,9.82,-80.17,-24.07,-23.13,-63.06,-41.25,-37.63,-45.42,6.2,5.7,-67.09
2025-05-26 14:10:57,-23.12,-11.47,-29.71,9.48,9.44,-80.55,-24.06,-23.07,-62.9,-41.23,-38.17,-44.69,6.21,5.61,-67.13
2025-05-26 14:10:57,-23.09,-11.71,-29.91,9.49,9.35,-80.65,-24.04,-23.14,-63.22,-41.2,-37.92,-44.59,6.23,5.41,-66.78
2025-05-26 14:10:57,-23.04,-11.62,-29.45,9.49,9.28,-80.71,-24.04,-23.2,-62.84,-41.22,-38.49,-44.15,6.26,5.12,-66.89
2025-05-26 14:10:57,-22.97,-11.96,-29.54,9.48,9.2,-80.76,-24.02,-23.21,-62.5,-41.23,-38.65,-44.12,6.29,5.6,-66.87
2025-05-26 14:10:57,-22.91,-11.67,-29.36,9.48,9.5,-80.49,-24.01,-23.49,-62.35,-41.22,-38.33,-45.1,6.33,5.61,-66.65
2025-05-26 14:10:57,-22.85,-11.47,-29.48,9.48,9.33,-80.63,-24.0,-23.06,-62.83,-41.2,-37.83,-45.19,6.37,6.38,-66.24
2025-05-26 14:10:57,-22.81,-11.8,-29.64,9.49,9.41,-80.55,-23.98,-22.71,-63.21,-41.17,-38.45,-44.56,6.41,5.79,-66.13
2025-05-26 14:10:57,-22.76,-11.59,-29.26,9.49,9.21,-80.73,-23.97,-23.25,-62.82,-41.15,-37.89,-44.69,6.45,5.45,-66.33
2025-05-26 14:10:58,-22.71,-11.97,-29.21,9.49,8.94,-81.02,-23.96,-23.49,-62.27,-41.14,-38.42,-44.69,6.48,5.62,-66.37
2025-05-26 14:10:58,-22.66,-11.63,-29.33,9.49,9.48,-80.49,-23.96,-23.26,-62.74,-41.12,-37.83,-45.11,6.52,5.73,-66.24
2025-05-26 14:10:58,-22.63,-11.55,-29.28,9.49,9.4,-80.6,-23.95,-23.01,-63.23,-41.1,-38.26,-44.87,6.53,5.52,-66.25
2025-05-26 14:10:58,-22.62,-11.72,-29.82,9.51,9.54,-80.44,-23.95,-23.19,-62.56,-41.08,-38.16,-44.84,6.53,5.54,-66.32
2025-05-26 14:10:58,-22.64,-11.73,-29.69,9.52,9.45,-80.55,-23.97,-23.51,-62.46,-41.02,-38.02,-45.52,6.54,6.14,-66.48
2025-05-26 14:10:58,-22.68,-11.62,-29.85,9.54,9.34,-80.66,-23.97,-23.1,-63.08,-40.93,-37.62,-45.78,6.54,5.57,-66.83
2025-05-26 14:10:58,-22.74,-11.89,-29.56,9.56,9.22,-80.75,-23.98,-23.55,-62.69,-40.89,-38.55,-43.95,6.54,5.0,-67.31
2025-05-26 14:10:58,-22.8,-12.6,-28.23,9.55,8.84,-81.04,-23.99,-23.38,-62.62,-40.94,-39.55,-42.39,6.52,4.72,-66.33
2025-05-26 14:10:58,-22.8,-12.41,-28.81,9.53,9.05,-80.83,-23.99,-23.67,-62.36,-41.01,-39.28,-42.92,6.5,5.16,-66.31
2025-05-26 14:10:59,-22.79,-11.93,-28.85,9.51,9.37,-80.6,-23.98,-22.95,-62.62,-41.06,-38.14,-44.56,6.47,5.59,-66.48
2025-05-26 14:10:59,-22.79,-11.46,-29.13,9.5,9.84,-80.11,-23.97,-22.78,-62.95,-41.09,-37.75,-45.4,6.42,6.11,-66.23
2025-05-26 14:10:59,-22.82,-11.61,-29.24,9.5,9.73,-80.25,-23.98,-22.94,-63.02,-41.13,-38.18,-44.45,6.39,5.64,-66.26
2025-05-26 14:10:59,-22.82,-11.34,-29.02,9.49,9.69,-80.3,-23.98,-23.04,-62.77,-41.17,-38.31,-44.07,6.35,5.4,-66.64
2025-05-26 14:10:59,-22.8,-11.39,-29.33,9.49,9.75,-80.19,-23.98,-23.02,-62.85,-41.2,-38.49,-44.05,6.35,5.96,-66.27
2025-05-26 14:10:59,-22.78,-11.69,-29.9,9.49,9.56,-80.41,-23.96,-23.05,-62.97,-41.2,-38.02,-44.73,6.35,5.81,-66.36
2025-05-26 14:10:59,-22.77,-11.82,-29.52,9.49,9.49,-80.5,-23.96,-23.56,-62.4,-41.21,-38.74,-44.73,6.35,5.62,-67.13
2025-05-26 14:10:59,-22.77,-12.02,-29.43,9.49,9.12,-80.82,-23.96,-23.44,-62.44,-41.22,-38.02,-44.6,6.36,5.66,-65.9
2025-05-26 14:10:59,-22.76,-11.73,-29.58,9.49,9.34,-80.64,-23.96,-23.07,-62.75,-41.2,-37.95,-45.25,6.36,5.27,-66.98
2025-05-26 14:11:00,-22.74,-10.8,-30.67,9.52,9.8,-80.2,-23.94,-23.08,-62.82,-41.1,-37.52,-45.85,6.4,6.1,-66.87
2025-05-26 14:11:00,-22.72,-11.82,-29.15,9.53,9.01,-80.95,-23.94,-23.69,-62.51,-41.07,-39.13,-42.57,6.44,4.73,-66.95
2025-05-26 14:11:00,-22.66,-12.61,-28.16,9.52,8.84,-80.87,-23.93,-23.94,-61.89,-41.08,-39.15,-42.95,6.47,4.61,-66.59
2025-05-26 14:11:00,-22.56,-12.03,-28.47,9.49,8.91,-81.02,-23.91,-23.17,-62.63,-41.12,-38.32,-44.46,6.52,5.9,-65.3
2025-05-26 14:11:00,-22.49,-12.05,-28.66,9.48,9.59,-80.37,-23.89,-22.73,-63.03,-41.2,-38.07,-44.03,6.53,6.15,-65.39
2025-05-26 14:11:00,-22.45,-11.52,-29.38,9.48,9.79,-80.1,-23.88,-22.56,-62.91,-41.22,-37.83,-45.98,6.54,6.59,-64.83
2025-05-26 14:11:00,-22.48,-11.65,-29.78,9.48,9.77,-80.23,-23.88,-22.94,-62.76,-41.22,-38.07,-45.65,6.52,5.63,-65.64
2025-05-26 14:11:00,-22.55,-11.95,-29.28,9.48,9.37,-80.61,-23.91,-23.42,-62.41,-41.26,-38.11,-44.77,6.47,5.22,-66.57
2025-05-26 14:11:00,-22.64,-12.05,-29.74,9.48,8.98,-81.0,-23.94,-23.43,-62.51,-41.28,-38.08,-45.77,6.42,5.5,-66.47
2025-05-26 14:11:01,-22.74,-12.09,-29.81,9.47,9.15,-80.83,-23.95,-23.22,-62.81,-41.29,-38.35,-45.37,6.38,5.73,-66.58
2025-05-26 14:11:01,-22.8,-11.0,-29.2,9.48,9.0,-80.98,-23.96,-23.41,-62.52,-41.28,-38.69,-44.5,6.36,5.46,-66.78
2025-05-26 14:11:01,-22.9,-12.23,-29.15,9.48,9.17,-80.77,-23.98,-23.56,-62.5,-41.32,-38.74,-44.42,6.33,5.32,-66.21
2025-05-26 14:11:01,-22.99,-12.02,-29.83,9.48,9.41,-80.56,-23.99,-23.03,-62.83,-41.37,-38.06,-45.13,6.28,5.47,-66.57
2025-05-26 14:11:01,-23.09,-11.99,-29.72,9.46,9.2,-80.7,-24.01,-23.26,-62.23,-41.44,-38.52,-44.33,6.19,4.86,-66.89
2025-05-26 14:11:01,-23.15,-11.65,-29.53,9.43,9.4,-80.52,-24.02,-23.22,-62.36,-41.5,-38.59,-44.24,6.12,5.78,-66.95
2025-05-26 14:11:01,-23.16,-11.03,-29.59,9.43,9.98,-80.02,-24.02,-23.05,-62.83,-41.53,-38.12,-44.76,6.06,5.96,-66.65
2025-05-26 14:11:01,-23.13,-10.73,-29.95,9.42,9.7,-80.22,-24.02,-23.05,-62.59,-41.53,-37.77,-44.92,6.06,6.49,-66.33
2025-05-26 14:11:01,-23.1,-11.18,-30.01,9.42,9.6,-80.38,-24.02,-22.54,-62.8,-41.49,-37.43,-45.66,6.08,6.81,-65.65
2025-05-26 14:11:02,-23.1,-11.63,-28.95,9.43,9.32,-80.6,-24.05,-23.58,-62.15,-41.47,-38.65,-44.26,6.09,5.6,-65.46
2025-05-26 14:11:02,-23.09,-11.57,-29.42,9.42,9.17,-80.8,-24.05,-23.39,-62.38,-41.45,-38.77,-44.25,6.1,5.73,-66.11
2025-05-26 14:11:02,-23.08,-12.01,-29.73,9.43,9.57,-80.39,-24.05,-23.45,-62.39,-41.44,-38.61,-44.24,6.11,5.83,-66.24
2025-05-26 14:11:02,-23.06,-11.5,-28.9,9.43,9.43,-80.52,-24.04,-22.92,-62.75,-41.43,-38.37,-44.12,6.13,5.92,-65.67
2025-05-26 14:11:02,-23.04,-11.75,-28.81,9.43,9.53,-80.39,-24.04,-23.23,-62.54,-41.41,-38.04,-44.61,6.14,5.9,-65.84
2025-05-26 14:11:02,-23.01,-11.37,-29.27,9.45,9.64,-80.34,-24.02,-22.97,-62.95,-41.39,-37.75,-45.75,6.18,5.81,-66.4
2025-05-26 14:11:02,-23.02,-11.76,-29.47,9.46,9.64,-80.36,-24.02,-23.11,-62.65,-41.39,-38.21,-44.76,6.19,5.59,-66.48
2025-05-26 14:11:02,-23.03,-11.98,-29.35,9.46,9.22,-80.73,-24.02,-23.05,-62.85,-41.43,-38.87,-44.04,6.2,5.42,-66.24
2025-05-26 14:11:02,-23.02,-11.99,-29.78,9.46,9.68,-80.27,-24.0,-22.96,-62.62,-41.45,-38.53,-44.42,6.2,5.48,-66.6
2025-05-26 14:11:03,-22.98,-11.42,-29.83,9.45,9.35,-80.65,-23.99,-22.85,-62.64,-41.45,-37.63,-45.47,6.22,6.03,-66.17
2025-05-26 14:11:03,-22.95,-11.49,-29.68,9.46,9.67,-80.29,-23.97,-22.73,-62.86,-41.43,-37.94,-45.44,6.23,5.65,-66.18
2025-05-26 14:11:03,-22.92,-11.74,-29.73,9.46,9.29,-80.69,-23.96,-23.14,-62.6,-41.4,-38.13,-44.72,6.25,5.73,-66.58
2025-05-26 14:11:03,-22.87,-11.5,-29.69,9.46,9.38,-80.55,-23.95,-23.05,-62.46,-41.37,-38.34,-44.12,6.29,5.47,-66.55
2025-05-26 14:11:03,-22.84,-11.77,-29.57,9.46,9.27,-80.67,-23.94,-22.98,-62.52,-41.35,-38.74,-44.31,6.31,5.54,-65.85
2025-05-26 14:11:03,-22.84,-12.2,-29.22,9.47,9.35,-80.6,-23.93,-23.06,-62.57,-41.34,-38.32,-44.52,6.32,5.46,-66.22
2025-05-26 14:11:03,-22.81,-11.73,-29.09,9.47,9.67,-80.22,-23.93,-23.43,-62.32,-41.32,-38.25,-44.69,6.34,5.79,-66.0
2025-05-26 14:11:03,-22.79,-11.59,-29.08,9.46,9.12,-80.84,-23.92,-23.02,-62.71,-41.32,-38.45,-44.6,6.36,5.83,-65.97
2025-05-26 14:11:03,-22.78,-11.63,-29.01,9.46,9.64,-80.28,-23.91,-22.85,-62.78,-41.32,-38.3,-44.75,6.38,5.86,-65.76
2025-05-26 14:11:04,-22.78,-11.51,-29.29,9.46,9.51,-80.48,-23.9,-22.79,-62.85,-41.31,-38.15,-44.96,6.38,5.43,-66.39
2025-05-26 14:11:04,-22.79,-11.73,-29.37,9.47,9.52,-80.44,-23.89,-22.91,-62.91,-41.31,-38.66,-44.65,6.39,5.97,-66.27
2025-05-26 14:11:04,-22.82,-11.95,-29.05,9.47,9.51,-80.47,-23.89,-23.5,-62.3,-41.3,-38.49,-44.44,6.4,5.63,-66.41
2025-05-26 14:11:04,-22.84,-11.85,-29.05,9.47,9.49,-80.38,-23.89,-23.08,-62.54,-41.3,-38.3,-44.47,6.38,5.43,-66.54
2025-05-26 14:11:04,-22.85,-11.58,-29.02,9.47,9.56,-80.43,-23.89,-22.87,-62.62,-41.3,-38.24,-44.59,6.38,5.57,-66.48
2025-05-26 14:11:04,-22.86,-11.6,-29.77,9.47,9.72,-80.19,-23.89,-23.19,-62.45,-41.29,-38.11,-44.6,6.36,5.62,-65.91
2025-05-26 14:11:04,-22.86,-11.81,-28.95,9.47,9.2,-80.72,-23.89,-23.11,-62.69,-41.29,-38.45,-44.65,6.36,5.19,-66.17
2025-05-26 14:11:04,-22.88,-12.14,-29.0,9.46,9.49,-80.44,-23.88,-22.98,-62.75,-41.29,-38.35,-44.4,6.36,5.95,-65.92
2025-05-26 14:11:04,-22.89,-11.87,-28.79,9.46,9.42,-80.56,-23.88,-23.0,-63.03,-41.29,-38.32,-44.36,6.37,5.77,-66.32
2025-05-26 14:11:05,-22.89,-11.93,-29.28,9.47,9.57,-80.39,-23.87,-22.85,-62.97,-41.29,-38.22,-44.51,6.38,5.98,-66.08
2025-05-26 14:11:05,-22.87,-11.51,-29.16,9.47,9.38,-80.56,-23.87,-23.08,-62.85,-41.27,-37.95,-44.76,6.4,5.97,-66.19
2025-05-26 14:11:05,-22.86,-11.59,-28.75,9.47,9.44,-80.49,-23.86,-23.23,-62.39,-41.27,-38.55,-44.36,6.42,5.67,-65.64
2025-05-26 14:11:05,-22.85,-11.77,-28.85,9.48,9.59,-80.35,-23.87,-23.34,-62.13,-41.25,-38.39,-44.44,6.43,5.79,-66.05
2025-05-26 14:11:05,-22.84,-11.87,-29.41,9.49,9.47,-80.42,-23.86,-23.11,-62.58,-41.24,-38.21,-44.88,6.45,5.42,-66.6
2025-05-26 14:11:05,-22.84,-12.01,-28.66,9.5,9.74,-80.13,-23.85,-23.29,-62.55,-41.24,-38.61,-43.96,6.47,5.6,-66.43
2025-05-26 14:11:05,-22.81,-11.81,-28.59,9.49,9.31,-80.61,-23.85,-23.02,-62.41,-41.25,-38.51,-44.04,6.49,5.61,-66.53
2025-05-26 14:11:05,-22.78,-12.13,-28.84,9.48,9.05,-80.77,-23.84,-23.18,-62.55,-41.27,-38.65,-44.14,6.51,5.61,-66.16
2025-05-26 14:11:05,-22.77,-12.18,-28.48,9.49,9.77,-80.18,-23.83,-23.41,-62.53,-41.28,-38.37,-44.24,6.54,5.78,-66.23
2025-05-26 14:11:06,-22.75,-11.96,-29.3,9.5,9.49,-80.37,-23.82,-22.85,-62.88,-41.28,-38.57,-44.4,6.56,5.51,-66.48
2025-05-26 14:11:06,-22.76,-12.38,-29.07,9.5,9.34,-80.6,-23.81,-23.08,-62.64,-41.28,-37.96,-44.97,6.57,5.64,-66.36
2025-05-26 14:11:06,-22.77,-11.75,-29.45,9.51,9.6,-80.31,-23.81,-23.44,-62.25,-41.26,-37.87,-45.55,6.57,5.67,-66.24
2025-05-26 14:11:06,-22.81,-12.3,-29.06,9.5,8.92,-81.03,-23.81,-22.96,-62.95,-41.27,-38.29,-44.72,6.56,5.5,-66.61
2025-05-26 14:11:06,-22.85,-12.11,-29.62,9.51,9.7,-80.21,-23.82,-23.1,-62.92,-41.29,-38.65,-44.39,6.52,5.52,-66.98
2025-05-26 14:11:06,-22.9,-12.01,-29.55,9.51,9.35,-80.58,-23.82,-23.02,-62.89,-41.3,-38.37,-44.65,6.5,5.29,-66.79
2025-05-26 14:11:06,-22.93,-11.78,-29.47,9.51,9.33,-80.57,-23.82,-23.41,-62.26,-41.29,-38.19,-44.61,6.48,5.21,-66.92
2025-05-26 14:11:06,-22.95,-11.94,-29.14,9.5,9.18,-80.78,-23.83,-23.24,-62.67,-41.29,-38.31,-44.14,6.47,5.27,-66.83
2025-05-26 14:11:06,-22.97,-12.1,-29.06,9.5,9.44,-80.41,-23.84,-23.37,-62.36,-41.3,-38.39,-44.1,6.46,5.42,-66.5
2025-05-26 14:11:07,-22.98,-12.05,-28.84,9.5,9.27,-80.65,-23.84,-23.01,-62.57,-41.32,-38.98,-44.06,6.45,5.62,-66.75
2025-05-26 14:11:07,-23.0,-12.07,-29.11,9.49,9.35,-80.58,-23.84,-23.22,-62.84,-41.35,-38.31,-44.56,6.43,5.57,-66.31
2025-05-26 14:11:07,-22.99,-11.84,-29.66,9.48,9.58,-80.38,-23.84,-22.97,-62.87,-41.35,-37.84,-45.15,6.42,5.75,-66.78
2025-05-26 14:11:07,-22.99,-11.97,-29.49,9.48,9.32,-80.59,-23.84,-23.05,-62.74,-41.36,-38.35,-44.42,6.41,5.5,-66.94
2025-05-26 14:11:07,-22.99,-11.76,-29.29,9.49,9.54,-80.39,-23.84,-23.08,-62.85,-41.35,-38.27,-44.64,6.41,5.53,-66.96
2025-05-26 14:11:07,-22.97,-11.63,-28.79,9.49,9.47,-80.44,-23.84,-23.12,-62.44,-41.37,-38.75,-44.06,6.4,5.61,-65.88
2025-05-26 14:11:07,-22.96,-11.68,-29.11,9.49,9.39,-80.43,-23.85,-23.47,-62.22,-41.38,-38.49,-44.47,6.41,5.59,-66.7
2025-05-26 14:11:07,-22.93,-11.63,-28.96,9.48,9.1,-80.76,-23.84,-23.21,-62.55,-41.36,-38.21,-44.58,6.43,5.57,-66.46
2025-05-26 14:11:07,-22.92,-11.93,-28.96,9.49,9.42,-80.51,-23.83,-23.18,-62.81,-41.34,-38.22,-44.9,6.43,5.44,-66.42
2025-05-26 14:11:08,-22.91,-12.0,-29.22,9.49,9.54,-80.37,-23.83,-23.41,-62.54,-41.32,-37.93,-44.86,6.45,5.79,-66.11
2025-05-26 14:11:08,-22.92,-12.11,-28.94,9.5,9.24,-80.64,-23.84,-23.46,-62.31,-41.32,-38.31,-44.66,6.45,5.49,-66.44
2025-05-26 14:11:08,-22.92,-11.84,-29.14,9.5,9.42,-80.55,-23.84,-23.11,-62.66,-41.32,-38.3,-44.87,6.46,5.39,-66.4
2025-05-26 14:11:08,-22.92,-11.89,-29.08,9.49,9.27,-80.62,-23.84,-22.99,-62.37,-41.32,-38.24,-44.45,6.46,5.43,-66.49
2025-05-26 14:11:08,-22.94,-12.29,-29.2,9.5,9.46,-80.44,-23.85,-23.43,-62.3,-41.32,-38.63,-44.45,6.46,5.4,-66.45
2025-05-26 14:11:08,-22.95,-11.84,-29.19,9.5,9.54,-80.41,-23.85,-23.29,-62.45,-41.33,-38.55,-44.11,6.46,5.71,-66.61
2025-05-26 14:11:08,-22.96,-11.73,-29.29,9.5,9.17,-80.8,-23.86,-23.28,-62.34,-41.33,-38.52,-44.46,6.46,5.49,-66.66
2025-05-26 14:11:08,-22.96,-11.85,-29.12,9.51,9.39,-80.55,-23.86,-22.86,-62.66,-41.32,-38.44,-44.15,6.47,5.32,-66.47
2025-05-26 14:11:08,-22.96,-11.94,-28.83,9.51,9.49,-80.44,-23.85,-23.08,-62.4,-41.33,-38.61,-44.05,6.48,5.53,-66.34
2025-05-26 14:11:09,-22.96,-12.19,-28.8,9.52,9.69,-80.25,-23.84,-22.92,-62.7,-41.33,-38.27,-44.77,6.47,5.36,-65.93
2025-05-26 14:11:09,-22.97,-12.15,-29.22,9.51,9.55,-80.38,-23.84,-23.05,-62.74,-41.33,-38.61,-44.55,6.46,5.19,-66.83
2025-05-26 14:11:09,-22.97,-12.03,-29.44,9.51,9.65,-80.32,-23.84,-23.4,-62.16,-41.33,-38.73,-44.42,6.45,5.44,-66.75
2025-05-26 14:11:09,-22.98,-12.06,-29.12,9.52,9.68,-80.22,-23.84,-23.14,-62.64,-41.33,-38.51,-44.63,6.46,5.35,-66.76
2025-05-26 14:11:09,-22.98,-12.02,-28.86,9.53,9.49,-80.45,-23.83,-23.0,-62.89,-41.33,-38.41,-44.68,6.45,5.46,-66.44
2025-05-26 14:11:09,-22.99,-11.86,-29.14,9.53,9.34,-80.61,-23.83,-23.24,-62.42,-41.32,-38.18,-44.86,6.46,5.52,-66.38
2025-05-26 14:11:09,-23.0,-11.94,-29.03,9.52,9.07,-80.84,-23.82,-23.14,-62.45,-41.33,-38.48,-44.42,6.45,5.66,-66.38
2025-05-26 14:11:09,-23.01,-12.05,-29.2,9.52,9.02,-80.89,-23.81,-23.14,-62.84,-41.32,-38.23,-44.6,6.45,5.52,-66.1
2025-05-26 14:11:09,-23.02,-11.92,-28.49,9.51,9.29,-80.63,-23.81,-23.0,-62.31,-41.33,-38.47,-44.31,6.44,5.42,-66.48
2025-05-26 14:11:10,-23.04,-12.17,-29.14,9.5,8.98,-80.93,-23.81,-23.11,-62.43,-41.33,-38.56,-44.4,6.42,5.11,-66.48
2025-05-26 14:11:10,-23.06,-12.16,-29.23,9.49,9.12,-80.74,-23.82,-23.32,-62.62,-41.35,-38.49,-44.42,6.4,5.29,-66.28
2025-05-26 14:11:10,-23.08,-11.98,-29.25,9.48,9.18,-80.74,-23.83,-23.19,-62.47,-41.38,-38.51,-44.44,6.37,5.38,-66.63
2025-05-26 14:11:10,-23.09,-11.68,-29.45,9.48,9.31,-80.62,-23.83,-23.33,-62.41,-41.38,-38.24,-44.39,6.36,5.45,-66.73
2025-05-26 14:11:10,-23.08,-11.75,-28.75,9.47,9.19,-80.66,-23.83,-23.15,-62.56,-41.39,-38.47,-43.8,6.37,5.33,-66.16
2025-05-26 14:11:10,-23.09,-12.13,-28.49,9.47,9.43,-80.41,-23.82,-22.94,-62.71,-41.43,-38.53,-44.56,6.36,5.66,-66.22
2025-05-26 14:11:10,-23.09,-11.78,-29.45,9.47,9.54,-80.41,-23.81,-23.35,-62.57,-41.44,-37.95,-45.01,6.35,5.69,-66.49
2025-05-26 14:11:10,-23.11,-11.81,-29.41,9.46,9.62,-80.27,-23.81,-23.22,-62.58,-41.45,-38.45,-44.05,6.33,5.5,-66.56
2025-05-26 14:11:10,-23.12,-12.08,-28.78,9.46,9.22,-80.64,-23.8,-23.07,-62.66,-41.45,-38.17,-44.44,6.32,5.35,-66.27
2025-05-26 14:11:11,-23.11,-11.85,-29.13,9.44,9.08,-80.77,-23.81,-23.13,-62.38,-41.44,-38.49,-44.62,6.33,5.26,-65.91
2025-05-26 14:11:11,-23.11,-11.91,-29.55,9.44,9.31,-80.64,-23.81,-23.31,-62.23,-41.42,-38.45,-44.75,6.33,5.68,-66.22
2025-05-26 14:11:11,-23.13,-12.04,-29.17,9.44,9.29,-80.67,-23.81,-23.41,-62.5,-41.42,-39.02,-43.89,6.32,5.45,-66.57
2025-05-26 14:11:11,-23.13,-11.86,-29.34,9.44,9.12,-80.85,-23.82,-23.18,-62.51,-41.43,-38.51,-44.5,6.31,5.28,-66.72
2025-05-26 14:11:11,-23.15,-11.92,-29.46,9.43,9.02,-80.94,-23.82,-23.19,-62.61,-41.43,-38.6,-44.67,6.3,5.44,-66.6
2025-05-26 14:11:11,-23.18,-12.1,-29.79,9.43,9.41,-80.54,-23.82,-22.9,-62.45,-41.42,-38.34,-44.6,6.28,5.33,-66.34
2025-05-26 14:11:11,-23.21,-12.01,-29.05,9.43,9.25,-80.6,-23.83,-23.19,-62.44,-41.42,-38.37,-44.19,6.26,5.53,-66.19
2025-05-26 14:11:11,-23.21,-11.62,-29.41,9.42,9.51,-80.45,-23.84,-23.11,-62.28,-41.43,-38.64,-43.86,6.27,5.96,-65.91
2025-05-26 14:11:11,-23.21,-11.78,-29.19,9.43,9.53,-80.44,-23.84,-23.3,-62.24,-41.41,-38.62,-44.19,6.27,5.32,-66.62
2025-05-26 14:11:12,-23.21,-11.94,-29.11,9.43,9.21,-80.74,-23.85,-23.23,-62.33,-41.41,-38.47,-44.11,6.25,5.24,-66.63
2025-05-26 14:11:12,-23.16,-11.45,-29.28,9.43,9.49,-80.48,-23.85,-23.14,-62.32,-41.4,-37.97,-44.2,6.26,5.42,-66.68
2025-05-26 14:11:12,-23.12,-11.87,-29.86,9.44,9.42,-80.55,-23.84,-22.89,-62.41,-41.38,-38.24,-44.54,6.28,5.79,-66.03
2025-05-26 14:11:12,-23.14,-12.26,-29.36,9.45,9.56,-80.38,-23.83,-22.84,-62.78,-41.38,-38.38,-44.15,6.28,5.59,-66.38
2025-05-26 14:11:12,-23.15,-12.22,-29.24,9.45,9.31,-80.62,-23.84,-23.34,-62.31,-41.38,-39.04,-43.62,6.27,5.23,-66.73
2025-05-26 14:11:12,-23.15,-11.96,-29.25,9.43,8.98,-80.91,-23.84,-23.11,-62.39,-41.39,-38.53,-43.89,6.27,5.59,-66.12
2025-05-26 14:11:12,-23.15,-11.91,-29.51,9.42,9.17,-80.72,-23.84,-23.45,-62.33,-41.41,-38.42,-44.11,6.26,5.37,-65.87
2025-05-26 14:11:12,-23.15,-12.09,-29.36,9.41,9.01,-80.96,-23.85,-23.23,-62.44,-41.43,-38.75,-44.16,6.25,5.38,-66.6
2025-05-26 14:11:12,-23.17,-12.03,-28.9,9.41,9.21,-80.63,-23.86,-23.14,-62.57,-41.45,-38.52,-43.76,6.25,5.79,-65.78
2025-05-26 14:11:13,-23.18,-11.77,-28.67,9.4,9.39,-80.54,-23.87,-23.34,-62.39,-41.48,-38.77,-43.62,6.23,5.35,-66.55
2025-05-26 14:11:13,-23.18,-11.76,-29.43,9.4,9.43,-80.52,-23.88,-23.17,-62.23,-41.48,-38.11,-44.74,6.24,5.62,-66.98
2025-05-26 14:11:13,-23.19,-11.79,-29.6,9.41,9.72,-80.24,-23.88,-22.97,-62.72,-41.45,-38.08,-44.4,6.23,5.17,-66.64
2025-05-26 14:11:13,-23.21,-11.99,-28.81,9.43,9.55,-80.36,-23.88,-23.1,-62.54,-41.45,-38.48,-43.67,6.24,5.35,-65.93
2025-05-26 14:11:13,-23.23,-12.2,-28.55,9.42,8.99,-80.84,-23.9,-23.38,-62.42,-41.48,-38.73,-43.4,6.25,5.51,-66.4
2025-05-26 14:11:13,-23.23,-12.03,-28.64,9.42,9.48,-80.45,-23.9,-23.07,-62.53,-41.52,-38.53,-43.4,6.24,5.18,-66.1
2025-05-26 14:11:13,-23.2,-11.87,-29.28,9.42,9.61,-80.32,-23.9,-23.14,-62.45,-41.53,-38.1,-44.79,6.25,5.91,-66.35
2025-05-26 14:11:13,-23.2,-11.92,-29.53,9.43,9.49,-80.47,-23.9,-23.17,-62.39,-41.51,-37.73,-45.09,6.26,5.45,-66.64
2025-05-26 14:11:13,-23.21,-12.18,-29.33,9.44,9.51,-80.43,-23.89,-22.98,-62.34,-41.5,-38.49,-44.07,6.26,5.39,-66.77
2025-05-26 14:11:14,-23.2,-11.9,-29.06,9.43,9.13,-80.8,-23.9,-23.5,-62.12,-41.51,-38.92,-43.66,6.27,5.05,-66.84
2025-05-26 14:11:14,-23.19,-12.17,-29.22,9.43,9.33,-80.63,-23.9,-23.14,-62.38,-41.5,-38.59,-43.93,6.28,5.38,-66.53
2025-05-26 14:11:14,-23.19,-12.33,-29.03,9.43,9.19,-80.73,-23.89,-22.65,-62.87,-41.5,-38.51,-44.31,6.29,5.8,-66.4
2025-05-26 14:11:14,-23.2,-12.07,-29.16,9.43,9.46,-80.46,-23.89,-23.11,-62.86,-41.51,-38.47,-44.14,6.28,5.61,-66.15
2025-05-26 14:11:14,-23.23,-12.32,-28.98,9.43,9.31,-80.55,-23.89,-23.14,-62.58,-41.51,-38.26,-43.94,6.27,5.51,-66.47
2025-05-26 14:11:14,-23.25,-11.98,-28.84,9.43,9.64,-80.26,-23.89,-23.17,-62.57,-41.52,-38.46,-44.05,6.26,5.5,-66.41
2025-05-26 14:11:14,-23.28,-12.0,-28.62,9.43,9.33,-80.55,-23.89,-23.21,-62.24,-41.53,-38.29,-44.13,6.25,5.32,-66.4
2025-05-26 14:11:14,-23.31,-12.34,-28.99,9.43,9.44,-80.49,-23.88,-23.22,-62.48,-41.54,-38.69,-44.08,6.23,5.01,-66.95
2025-05-26 14:11:14,-23.34,-12.14,-28.96,9.43,9.49,-80.44,-23.89,-23.27,-62.31,-41.56,-38.34,-44.22,6.21,5.66,-66.5
2025-05-26 14:11:15,-23.36,-11.76,-28.87,9.43,9.71,-80.14,-23.89,-23.34,-62.54,-41.57,-38.43,-44.22,6.2,5.43,-66.52
2025-05-26 14:11:15,-23.39,-12.14,-28.5,9.42,9.23,-80.71,-23.9,-23.18,-62.36,-41.62,-38.83,-43.44,6.17,5.41,-66.37
2025-05-26 14:11:15,-23.41,-11.99,-28.53,9.42,9.72,-80.22,-23.89,-22.91,-62.87,-41.68,-39.01,-43.78,6.14,5.76,-66.48
2025-05-26 14:11:15,-23.42,-11.87,-29.06,9.41,9.79,-80.12,-23.88,-22.84,-62.81,-41.73,-38.4,-44.34,6.11,5.42,-66.45
2025-05-26 14:11:15,-23.43,-11.9,-29.52,9.41,9.51,-80.33,-23.89,-23.16,-62.77,-41.76,-38.2,-44.87,6.08,5.59,-66.81
2025-05-26 14:11:15,-23.45,-12.04,-29.08,9.4,9.5,-80.45,-23.9,-22.68,-63.08,-41.79,-38.39,-44.42,6.06,5.55,-66.15
2025-05-26 14:11:15,-23.47,-11.89,-28.85,9.39,9.52,-80.43,-23.91,-23.06,-62.75,-41.83,-38.5,-44.11,6.03,5.67,-66.23
2025-05-26 14:11:15,-23.49,-11.82,-28.84,9.39,9.27,-80.54,-23.92,-23.06,-62.66,-41.86,-38.51,-43.81,6.02,5.52,-66.49
2025-05-26 14:11:15,-23.45,-11.47,-29.72,9.38,9.49,-80.42,-23.91,-23.14,-62.48,-41.85,-37.84,-44.62,6.04,5.85,-66.17
2025-05-26 14:11:16,-23.42,-11.56,-29.09,9.39,9.31,-80.64,-23.91,-23.37,-62.21,-41.82,-38.08,-44.85,6.07,6.0,-66.42
2025-05-26 14:11:16,-23.4,-11.53,-29.12,9.4,9.47,-80.44,-23.9,-22.88,-62.59,-41.79,-38.17,-44.64,6.1,5.58,-66.32
2025-05-26 14:11:16,-23.4,-11.97,-29.24,9.41,9.35,-80.63,-23.89,-22.97,-62.75,-41.77,-38.45,-44.51,6.13,5.63,-66.58
2025-05-26 14:11:16,-23.39,-12.06,-29.14,9.42,9.19,-80.72,-23.89,-23.28,-62.73,-41.75,-38.61,-44.32,6.14,5.02,-66.46
2025-05-26 14:11:16,-23.39,-12.04,-29.29,9.43,9.43,-80.48,-23.89,-23.4,-62.41,-41.75,-38.89,-44.61,6.14,5.29,-66.55
2025-05-26 14:11:16,-23.41,-12.32,-28.75,9.42,9.28,-80.59,-23.9,-23.26,-62.21,-41.77,-38.72,-43.96,6.14,5.88,-66.74
2025-05-26 14:11:16,-23.42,-12.06,-28.88,9.42,9.36,-80.54,-23.9,-23.62,-62.19,-41.77,-38.35,-44.13,6.14,5.47,-66.4
2025-05-26 14:11:16,-23.41,-11.91,-29.01,9.41,9.32,-80.6,-23.9,-23.15,-62.38,-41.77,-38.45,-44.56,6.14,5.59,-66.23
2025-05-26 14:11:16,-23.4,-11.66,-29.28,9.41,9.28,-80.6,-23.9,-23.04,-62.65,-41.77,-38.34,-44.73,6.14,5.7,-66.25
2025-05-26 14:11:17,-23.4,-11.81,-29.04,9.42,9.44,-80.52,-23.91,-23.17,-62.42,-41.76,-38.46,-44.59,6.15,5.55,-66.3
2025-05-26 14:11:17,-23.39,-12.11,-29.21,9.42,9.19,-80.68,-23.91,-23.45,-62.27,-41.76,-38.62,-43.96,6.14,5.34,-66.45
2025-05-26 14:11:17,-23.38,-11.96,-29.47,9.42,9.33,-80.61,-23.92,-23.29,-62.51,-41.74,-38.34,-44.79,6.15,5.43,-66.9
2025-05-26 14:11:17,-23.38,-11.88,-29.23,9.43,9.58,-80.34,-23.93,-23.12,-62.74,-41.72,-38.43,-44.62,6.14,5.67,-66.19
2025-05-26 14:11:17,-23.38,-11.84,-28.89,9.43,9.24,-80.65,-23.95,-23.3,-62.28,-41.69,-38.16,-44.86,6.14,5.53,-66.69
2025-05-26 14:11:17,-23.38,-11.58,-29.47,9.43,9.63,-80.3,-23.95,-23.09,-62.72,-41.63,-37.93,-45.35,6.16,5.74,-66.73
2025-05-26 14:11:17,-23.41,-12.09,-29.35,9.45,9.52,-80.46,-23.95,-23.03,-62.55,-41.57,-38.79,-44.27,6.17,5.38,-66.97
2025-05-26 14:11:17,-23.44,-12.12,-29.39,9.47,9.51,-80.35,-23.96,-23.04,-62.7,-41.54,-38.97,-43.4,6.18,5.19,-66.93
2025-05-26 14:11:17,-23.45,-12.59,-28.68,9.47,9.0,-80.83,-23.96,-23.27,-62.55,-41.55,-39.18,-42.94,6.18,4.96,-66.72
2025-05-26 14:11:18,-23.44,-12.47,-28.4,9.47,9.4,-80.34,-23.96,-22.99,-62.32,-41.55,-38.44,-43.67,6.19,5.5,-66.08
2025-05-26 14:11:18,-23.42,-12.07,-28.48,9.47,9.47,-80.29,-23.95,-23.27,-62.48,-41.58,-38.6,-43.35,6.18,5.35,-66.14
2025-05-26 14:11:18,-23.38,-11.9,-28.69,9.46,9.48,-80.32,-23.93,-22.7,-62.75,-41.62,-38.79,-43.52,6.18,5.72,-66.16
2025-05-26 14:11:18,-23.34,-11.57,-28.48,9.46,9.64,-80.19,-23.92,-22.92,-62.65,-41.64,-38.44,-44.14,6.19,5.6,-66.29
2025-05-26 14:11:18,-23.3,-11.85,-28.63,9.46,9.79,-80.1,-23.91,-22.8,-62.61,-41.65,-38.56,-44.02,6.2,6.47,-66.26
2025-05-26 14:11:18,-23.26,-11.91,-28.9,9.47,9.46,-80.49,-23.89,-23.0,-62.49,-41.65,-37.98,-44.6,6.22,5.48,-66.05
2025-05-26 14:11:18,-23.25,-12.17,-28.79,9.47,9.46,-80.45,-23.88,-23.27,-62.58,-41.66,-38.37,-44.28,6.24,5.76,-66.16
2025-05-26 14:11:18,-23.25,-12.16,-29.35,9.47,9.37,-80.62,-23.88,-23.31,-62.26,-41.68,-38.72,-44.38,6.22,5.34,-66.22
2025-05-26 14:11:18,-23.26,-12.07,-29.52,9.47,9.4,-80.55,-23.88,-23.17,-62.48,-41.67,-38.39,-44.54,6.23,5.66,-66.58
2025-05-26 14:11:19,-23.28,-12.11,-29.04,9.46,9.1,-80.85,-23.88,-23.06,-62.5,-41.66,-38.25,-44.63,6.22,5.32,-66.39
2025-05-26 14:11:19,-23.28,-12.07,-29.3,9.47,9.41,-80.53,-23.9,-23.41,-62.42,-41.66,-38.7,-44.22,6.23,5.54,-66.15
2025-05-26 14:11:19,-23.29,-12.3,-29.34,9.48,9.45,-80.52,-23.91,-23.12,-62.63,-41.65,-38.83,-44.49,6.24,5.12,-66.65
2025-05-26 14:11:19,-23.32,-12.32,-28.91,9.48,8.96,-81.0,-23.93,-23.43,-62.12,-41.65,-38.77,-44.03,6.22,4.81,-66.54
2025-05-26 14:11:19,-23.37,-12.54,-28.97,9.47,9.09,-80.77,-23.95,-23.32,-62.19,-41.66,-38.78,-43.97,6.2,5.25,-66.34
2025-05-26 14:11:19,-23.42,-12.45,-28.64,9.47,9.14,-80.68,-23.96,-23.04,-62.6,-41.68,-38.53,-44.12,6.16,5.21,-66.32
2025-05-26 14:11:19,-23.45,-11.86,-28.88,9.45,9.57,-80.26,-23.97,-23.09,-62.26,-41.73,-38.47,-43.8,6.13,5.68,-66.13
2025-05-26 14:11:19,-23.49,-11.78,-28.74,9.44,9.24,-80.63,-23.97,-22.93,-62.65,-41.76,-38.41,-44.13,6.08,5.66,-66.32
2025-05-26 14:11:19,-23.51,-11.8,-28.81,9.43,9.4,-80.44,-23.95,-22.87,-62.65,-41.79,-38.8,-44.21,6.07,6.02,-66.5
2025-05-26 14:11:20,-23.5,-11.48,-28.95,9.44,9.86,-80.02,-23.94,-22.56,-62.78,-41.82,-38.19,-44.19,6.05,5.88,-66.24
2025-05-26 14:11:20,-23.5,-11.58,-28.85,9.42,9.43,-80.45,-23.94,-22.75,-62.66,-41.86,-38.26,-44.06,6.04,5.96,-66.39
2025-05-26 14:11:20,-23.48,-11.4,-28.86,9.42,9.95,-79.96,-23.93,-22.7,-62.61,-41.86,-37.7,-45.09,6.04,6.12,-65.98
2025-05-26 14:11:20,-23.48,-11.98,-28.89,9.41,9.31,-80.62,-23.93,-22.99,-62.39,-41.89,-38.55,-44.08,6.02,5.43,-66.35
2025-05-26 14:11:20,-23.44,-11.45,-29.59,9.42,9.9,-80.01,-23.93,-22.99,-62.44,-41.88,-38.31,-44.36,6.03,5.92,-65.56
2025-05-26 14:11:20,-23.42,-11.61,-29.22,9.43,9.6,-80.33,-23.93,-23.37,-62.21,-41.88,-38.47,-44.42,6.06,6.01,-66.64
2025-05-26 14:11:20,-23.39,-11.85,-29.02,9.44,9.33,-80.54,-23.93,-23.16,-62.54,-41.88,-38.54,-44.29,6.09,5.53,-66.02
2025-05-26 14:11:20,-23.36,-12.06,-29.16,9.44,9.2,-80.7,-23.92,-23.12,-62.44,-41.85,-38.19,-44.6,6.12,5.67,-66.36
2025-05-26 14:11:20,-23.35,-12.06,-29.24,9.44,9.24,-80.73,-23.91,-23.05,-62.52,-41.82,-38.22,-44.92,6.14,5.61,-66.13
2025-05-26 14:11:21,-23.37,-12.34,-29.03,9.44,9.38,-80.55,-23.91,-23.12,-62.55,-41.82,-38.96,-44.05,6.15,5.37,-65.62
2025-05-26 14:11:21,-23.38,-12.26,-29.05,9.43,9.01,-80.97,-23.9,-23.18,-62.58,-41.82,-38.46,-44.78,6.14,5.66,-66.31
2025-05-26 14:11:21,-23.39,-12.08,-29.78,9.42,9.45,-80.5,-23.9,-23.11,-62.5,-41.82,-38.21,-44.93,6.13,5.52,-66.37
2025-05-26 14:11:21,-23.41,-12.01,-29.02,9.42,9.4,-80.54,-23.9,-22.94,-62.34,-41.82,-38.21,-44.54,6.13,6.07,-65.87
2025-05-26 14:11:21,-23.42,-11.86,-29.4,9.41,9.26,-80.7,-23.9,-22.98,-62.56,-41.82,-38.28,-44.45,6.11,5.71,-66.52
2025-05-26 14:11:21,-23.43,-11.69,-29.19,9.42,9.55,-80.36,-23.9,-22.96,-62.73,-41.82,-38.57,-44.35,6.11,6.07,-66.1
2025-05-26 14:11:21,-23.43,-11.68,-29.51,9.42,9.25,-80.67,-23.91,-23.08,-62.46,-41.79,-38.23,-44.39,6.11,5.48,-66.43
2025-05-26 14:11:21,-23.43,-11.78,-28.84,9.42,8.96,-80.87,-23.91,-22.99,-62.34,-41.76,-38.58,-44.32,6.13,5.61,-65.89
2025-05-26 14:11:21,-23.42,-11.93,-28.85,9.43,9.6,-80.27,-23.9,-23.15,-62.29,-41.75,-38.44,-44.11,6.14,5.6,-65.83
2025-05-26 14:11:22,-23.42,-12.05,-28.81,9.43,9.46,-80.46,-23.9,-23.06,-62.35,-41.76,-38.88,-43.85,6.15,5.68,-65.92
2025-05-26 14:11:22,-23.42,-12.11,-28.88,9.42,9.12,-80.72,-23.89,-23.13,-62.49,-41.76,-38.72,-43.88,6.15,5.27,-66.09
2025-05-26 14:11:22,-23.39,-11.7,-28.84,9.42,9.37,-80.53,-23.88,-22.75,-62.71,-41.77,-38.47,-44.45,6.15,5.36,-66.33
2025-05-26 14:11:22,-23.37,-11.67,-28.86,9.42,9.49,-80.4,-23.87,-22.85,-62.73,-41.76,-38.06,-44.73,6.17,5.91,-66.24
2025-05-26 14:11:22,-23.36,-12.15,-29.17,9.43,9.78,-80.12,-23.87,-23.1,-62.6,-41.75,-38.18,-44.58,6.18,5.59,-66.44
2025-05-26 14:11:22,-23.33,-11.43,-29.1,9.44,9.53,-80.37,-23.87,-23.11,-62.47,-41.73,-37.99,-44.68,6.19,5.85,-65.99
2025-05-26 14:11:22,-23.31,-11.58,-28.95,9.44,9.51,-80.41,-23.86,-22.93,-62.44,-41.72,-38.37,-44.41,6.21,5.9,-66.3
2025-05-26 14:11:22,-23.29,-11.68,-29.01,9.45,9.57,-80.35,-23.86,-22.9,-62.53,-41.69,-38.16,-44.49,6.22,5.83,-66.09
2025-05-26 14:11:22,-23.28,-12.03,-29.05,9.46,9.56,-80.32,-23.85,-23.35,-62.02,-41.66,-38.53,-44.23,6.24,5.55,-66.63
2025-05-26 14:11:23,-23.27,-12.02,-28.77,9.47,9.42,-80.47,-23.84,-23.19,-62.2,-41.63,-38.63,-44.12,6.26,5.7,-66.05
2025-05-26 14:11:23,-23.29,-12.29,-28.5,9.46,9.29,-80.59,-23.83,-22.88,-62.7,-41.61,-38.35,-44.59,6.26,5.7,-65.63
2025-05-26 14:11:23,-23.32,-12.22,-28.44,9.45,9.22,-80.59,-23.83,-23.06,-62.67,-41.61,-38.51,-44.46,6.26,5.52,-66.15
2025-05-26 14:11:23,-23.35,-12.13,-29.13,9.44,9.25,-80.63,-23.84,-23.07,-62.27,-41.63,-38.66,-44.1,6.23,5.54,-65.8
2025-05-26 14:11:23,-23.4,-12.1,-28.65,9.44,9.57,-80.33,-23.85,-23.22,-62.15,-41.63,-38.24,-44.5,6.22,5.87,-65.85
2025-05-26 14:11:23,-23.44,-11.83,-28.71,9.45,9.52,-80.37,-23.85,-22.76,-62.49,-41.64,-38.34,-44.13,6.21,6.03,-66.36
2025-05-26 14:11:23,-23.5,-12.2,-28.5,9.45,9.53,-80.28,-23.85,-23.08,-62.37,-41.66,-38.65,-43.85,6.18,5.52,-65.78
2025-05-26 14:11:23,-23.53,-11.85,-29.2,9.45,9.57,-80.17,-23.86,-23.23,-62.19,-41.67,-38.02,-44.67,6.17,5.72,-65.94
2025-05-26 14:11:24,-23.57,-12.09,-29.26,9.45,9.46,-80.42,-23.86,-22.91,-62.43,-41.69,-38.68,-43.98,6.15,5.36,-66.23
2025-05-26 14:11:24,-23.61,-12.02,-29.15,9.45,9.53,-80.37,-23.86,-23.05,-62.35,-41.72,-38.63,-43.92,6.13,5.81,-66.13
2025-05-26 14:11:24,-23.64,-11.88,-28.59,9.43,9.18,-80.7,-23.86,-22.94,-62.62,-41.76,-38.94,-43.31,6.1,5.78,-66.11
2025-05-26 14:11:24,-23.65,-11.86,-28.78,9.41,9.2,-80.6,-23.86,-23.14,-62.47,-41.8,-38.29,-44.09,6.07,5.2,-66.23
2025-05-26 14:11:24,-23.66,-11.83,-28.9,9.4,9.4,-80.48,-23.86,-23.38,-62.45,-41.82,-38.24,-44.54,6.05,5.72,-66.07
2025-05-26 14:11:24,-23.66,-11.49,-29.16,9.4,9.43,-80.49,-23.86,-22.85,-62.75,-41.82,-38.03,-44.5,6.05,6.0,-66.08
2025-05-26 14:11:24,-23.66,-11.49,-29.11,9.4,9.59,-80.26,-23.85,-22.91,-62.81,-41.83,-38.44,-44.18,6.05,5.92,-66.16
2025-05-26 14:11:24,-23.64,-11.55,-28.75,9.4,9.61,-80.25,-23.84,-23.32,-62.29,-41.84,-39.07,-43.65,6.06,5.34,-66.29
2025-05-26 14:11:24,-23.63,-11.83,-29.02,9.39,9.14,-80.7,-23.83,-23.08,-62.6,-41.85,-38.58,-43.96,6.08,6.05,-66.27
2025-05-26 14:11:25,-23.59,-11.57,-28.85,9.39,9.3,-80.59,-23.82,-23.14,-62.51,-41.84,-38.23,-44.62,6.11,5.86,-65.97
2025-05-26 14:11:25,-23.57,-11.79,-28.63,9.4,9.55,-80.37,-23.81,-23.05,-62.3,-41.83,-38.69,-44.19,6.13,6.04,-65.88
2025-05-26 14:11:25,-23.56,-11.84,-28.49,9.41,9.64,-80.15,-23.81,-23.14,-62.9,-41.83,-38.6,-43.91,6.16,5.69,-66.3
2025-05-26 14:11:25,-23.54,-11.69,-28.6,9.42,9.42,-80.39,-23.81,-23.1,-62.55,-41.82,-38.51,-44.26,6.18,5.86,-66.36
2025-05-26 14:11:25,-23.53,-11.68,-28.85,9.43,9.66,-80.21,-23.8,-22.93,-62.46,-41.81,-38.43,-44.33,6.2,5.84,-66.41
2025-05-26 14:11:25,-23.53,-12.24,-28.78,9.43,9.27,-80.52,-23.81,-23.4,-62.32,-41.8,-38.5,-43.97,6.21,5.15,-66.49
2025-05-26 14:11:25,-23.53,-12.03,-29.07,9.43,9.3,-80.58,-23.8,-23.08,-62.65,-41.79,-38.52,-44.26,6.22,5.53,-66.31
2025-05-26 14:11:25,-23.54,-11.93,-28.45,9.44,9.58,-80.37,-23.81,-23.12,-62.52,-41.79,-38.49,-43.98,6.24,5.89,-66.11
2025-05-26 14:11:25,-23.55,-12.13,-28.92,9.44,9.45,-80.45,-23.81,-23.13,-62.5,-41.82,-39.27,-43.61,6.24,5.38,-66.13
2025-05-26 14:11:26,-23.55,-12.04,-28.74,9.44,9.36,-80.48,-23.81,-23.33,-62.23,-41.83,-38.5,-43.8,6.24,5.8,-66.22
2025-05-26 14:11:26,-23.55,-11.76,-28.65,9.43,9.12,-80.65,-23.81,-23.24,-62.46,-41.83,-38.47,-44.01,6.25,5.63,-66.06
2025-05-26 14:11:26,-23.54,-11.75,-28.78,9.44,9.5,-80.44,-23.81,-23.28,-62.5,-41.82,-38.35,-44.47,6.25,5.97,-65.87
2025-05-26 14:11:26,-23.53,-11.78,-28.7,9.45,9.53,-80.28,-23.81,-22.97,-62.84,-41.82,-38.71,-44.13,6.27,5.83,-66.35
2025-05-26 14:11:26,-23.52,-11.84,-29.03,9.46,9.53,-80.28,-23.81,-22.86,-63.01,-41.82,-38.39,-44.33,6.28,5.77,-66.64
2025-05-26 14:11:26,-23.51,-11.79,-28.98,9.45,9.45,-80.28,-23.81,-23.12,-62.23,-41.82,-38.34,-44.23,6.28,5.5,-66.62
2025-05-26 14:11:26,-23.51,-12.04,-28.95,9.46,9.71,-80.17,-23.81,-23.1,-62.58,-41.81,-38.2,-44.42,6.28,5.62,-66.37
2025-05-26 14:11:26,-23.5,-11.85,-28.85,9.45,9.48,-80.34,-23.82,-23.19,-62.44,-41.81,-38.44,-44.41,6.28,5.8,-65.99
2025-05-26 14:11:26,-23.48,-11.73,-28.69,9.46,9.6,-80.1,-23.82,-23.11,-62.32,-41.82,-38.92,-43.95,6.29,5.43,-66.1
2025-05-26 14:11:27,-23.46,-11.87,-29.13,9.47,9.62,-80.2,-23.82,-23.29,-62.34,-41.81,-38.42,-44.18,6.3,5.92,-66.42
2025-05-26 14:11:27,-23.44,-11.84,-29.16,9.47,9.56,-80.34,-23.82,-23.18,-62.55,-41.81,-38.72,-44.13,6.3,5.61,-66.27
2025-05-26 14:11:27,-23.46,-12.47,-28.94,9.47,9.43,-80.52,-23.82,-23.31,-62.57,-41.8,-38.27,-44.36,6.31,5.74,-66.13
2025-05-26 14:11:27,-23.47,-11.82,-28.77,9.47,9.18,-80.79,-23.82,-23.47,-62.05,-41.78,-38.55,-44.2,6.32,5.72,-66.59
2025-05-26 14:11:27,-23.46,-11.58,-28.84,9.48,9.39,-80.44,-23.81,-23.05,-62.79,-41.77,-38.42,-44.24,6.34,5.63,-66.08
2025-05-26 14:11:27,-23.46,-11.95,-29.14,9.48,9.04,-80.86,-23.81,-23.23,-62.49,-41.76,-38.56,-43.8,6.35,5.57,-66.13
2025-05-26 14:11:27,-23.46,-12.07,-28.91,9.49,9.24,-80.62,-23.82,-23.32,-62.5,-41.74,-38.51,-44.27,6.36,5.11,-66.48
2025-05-26 14:11:27,-23.47,-12.1,-29.04,9.49,9.44,-80.36,-23.82,-23.26,-62.42,-41.74,-38.79,-43.92,6.36,5.48,-66.12
2025-05-26 14:11:27,-23.48,-11.99,-28.86,9.5,9.77,-80.09,-23.82,-23.03,-62.76,-41.74,-38.48,-44.43,6.34,5.49,-66.13
2025-05-26 14:11:28,-23.48,-11.84,-29.17,9.49,8.99,-80.9,-23.82,-22.89,-62.86,-41.76,-38.88,-43.74,6.34,5.59,-66.64
2025-05-26 14:11:28,-23.47,-11.58,-29.1,9.49,9.36,-80.49,-23.8,-22.62,-63.34,-41.77,-38.77,-44.02,6.33,5.83,-66.52
2025-05-26 14:11:28,-23.47,-11.83,-28.94,9.48,9.51,-80.33,-23.8,-22.92,-62.92,-41.79,-38.84,-43.82,6.33,5.88,-65.95
2025-05-26 14:11:28,-23.47,-11.78,-29.18,9.48,9.35,-80.52,-23.81,-23.51,-62.17,-41.8,-38.53,-44.12,6.33,5.81,-66.15
2025-05-26 14:11:28,-23.46,-11.84,-29.33,9.48,9.47,-80.42,-23.81,-23.07,-62.51,-41.79,-37.9,-44.7,6.33,5.72,-66.75
2025-05-26 14:11:28,-23.46,-12.0,-29.11,9.48,9.47,-80.49,-23.81,-23.23,-62.24,-41.78,-38.68,-44.5,6.35,5.97,-66.36
2025-05-26 14:11:28,-23.46,-11.88,-29.27,9.47,9.45,-80.41,-23.82,-23.29,-62.3,-41.79,-38.75,-43.75,6.33,5.43,-65.72
2025-05-26 14:11:28,-23.45,-11.83,-29.46,9.47,9.18,-80.67,-23.82,-23.37,-62.29,-41.81,-38.9,-43.63,6.33,5.55,-66.45
2025-05-26 14:11:28,-23.44,-11.8,-29.06,9.47,9.64,-80.28,-23.82,-23.14,-62.69,-41.81,-38.29,-44.26,6.33,5.59,-66.62
2025-05-26 14:11:28,-23.44,-11.97,-28.8,9.46,9.16,-80.71,-23.83,-23.46,-62.17,-41.81,-38.52,-44.26,6.33,5.64,-66.8
2025-05-26 14:11:29,-23.44,-11.85,-29.34,9.46,9.48,-80.41,-23.82,-23.13,-62.68,-41.81,-38.47,-44.34,6.34,5.99,-66.38
2025-05-26 14:11:29,-23.42,-11.52,-28.95,9.46,9.35,-80.56,-23.82,-23.21,-62.62,-41.79,-38.28,-44.31,6.36,5.92,-66.59
2025-05-26 14:11:29,-23.41,-11.98,-28.86,9.47,9.47,-80.38,-23.82,-23.25,-62.27,-41.78,-38.33,-44.04,6.38,5.43,-66.5
2025-05-26 14:11:29,-23.39,-12.1,-28.75,9.47,9.17,-80.74,-23.82,-23.1,-62.5,-41.77,-38.63,-44.04,6.4,5.79,-65.85
2025-05-26 14:11:29,-23.39,-11.98,-28.54,9.47,9.62,-80.27,-23.82,-22.87,-62.7,-41.75,-38.32,-44.23,6.41,5.95,-65.84
2025-05-26 14:11:29,-23.39,-11.91,-28.53,9.48,9.43,-80.4,-23.82,-22.89,-62.79,-41.73,-38.67,-43.95,6.42,5.57,-66.29
2025-05-26 14:11:29,-23.39,-11.94,-28.6,9.48,9.36,-80.48,-23.82,-23.08,-62.81,-41.72,-38.27,-44.07,6.43,5.76,-66.27
2025-05-26 14:11:29,-23.39,-11.92,-28.88,9.49,9.5,-80.36,-23.82,-23.23,-62.68,-41.72,-38.47,-43.93,6.44,5.65,-66.0
2025-05-26 14:11:30,-23.4,-11.96,-28.9,9.49,9.42,-80.51,-23.82,-23.22,-62.61,-41.7,-38.43,-44.06,6.43,5.33,-66.48
2025-05-26 14:11:30,-23.41,-12.05,-29.1,9.5,9.48,-80.36,-23.82,-23.28,-62.37,-41.71,-38.77,-43.68,6.42,5.56,-66.08
2025-05-26 14:11:30,-23.43,-12.1,-28.81,9.5,9.3,-80.61,-23.83,-23.32,-62.6,-41.72,-38.73,-43.91,6.4,5.36,-66.01
2025-05-26 14:11:30,-23.44,-11.94,-28.77,9.49,9.31,-80.64,-23.83,-22.86,-62.86,-41.74,-38.64,-44.03,6.38,5.37,-66.63
2025-05-26 14:11:30,-23.47,-12.23,-28.8,9.48,9.17,-80.68,-23.84,-22.99,-62.67,-41.76,-38.74,-43.96,6.37,5.94,-66.12
2025-05-26 14:11:30,-23.47,-11.75,-29.13,9.47,9.5,-80.34,-23.84,-22.93,-62.77,-41.78,-38.39,-43.96,6.33,5.34,-66.28
2025-05-26 14:11:30,-23.48,-11.82,-28.99,9.46,9.1,-80.71,-23.84,-23.26,-62.46,-41.8,-38.68,-43.74,6.32,5.88,-66.37
2025-05-26 14:11:30,-23.49,-11.99,-28.66,9.46,9.79,-80.13,-23.84,-22.82,-62.77,-41.8,-38.53,-44.11,6.31,5.96,-65.87
2025-05-26 14:11:30,-23.52,-12.06,-28.49,9.45,9.17,-80.71,-23.85,-23.19,-62.61,-41.82,-38.44,-43.97,6.3,5.79,-66.29
2025-05-26 14:11:30,-23.55,-12.18,-28.67,9.46,9.86,-79.98,-23.85,-22.8,-62.94,-41.82,-38.1,-44.29,6.29,5.59,-65.82
2025-05-26 14:11:31,-23.56,-12.01,-29.02,9.47,9.71,-80.14,-23.85,-23.07,-62.54,-41.83,-38.71,-43.74,6.28,5.7,-65.99
2025-05-26 14:11:31,-23.59,-11.91,-28.76,9.46,9.32,-80.59,-23.85,-22.94,-62.59,-41.84,-38.4,-43.75,6.27,5.74,-65.75
2025-05-26 14:11:31,-23.61,-12.0,-29.03,9.47,9.58,-80.31,-23.85,-22.62,-62.83,-41.85,-38.4,-44.01,6.26,5.69,-65.88
2025-05-26 14:11:31,-23.63,-12.23,-28.73,9.47,9.24,-80.59,-23.85,-23.07,-62.49,-41.86,-38.37,-44.25,6.24,5.55,-66.24
2025-05-26 14:11:31,-23.64,-11.93,-29.15,9.46,9.47,-80.38,-23.85,-22.95,-62.54,-41.87,-38.39,-43.92,6.24,5.78,-66.17
2025-05-26 14:11:31,-23.64,-11.61,-28.72,9.47,9.64,-80.18,-23.86,-23.15,-62.47,-41.89,-38.72,-43.67,6.24,5.67,-66.1
2025-05-26 14:11:31,-23.63,-11.83,-28.98,9.46,9.35,-80.56,-23.86,-23.03,-62.46,-41.9,-38.41,-43.61,6.25,5.98,-65.95
2025-05-26 14:11:31,-23.62,-11.72,-28.82,9.46,9.41,-80.42,-23.86,-23.1,-62.44,-41.91,-38.21,-44.48,6.25,5.88,-66.22
2025-05-26 14:11:31,-23.59,-11.77,-29.14,9.46,9.35,-80.45,-23.87,-23.3,-62.27,-41.9,-38.15,-44.62,6.26,5.74,-65.88
2025-05-26 14:11:32,-23.57,-11.79,-29.29,9.46,9.5,-80.35,-23.86,-22.97,-62.56,-41.9,-38.2,-44.29,6.28,5.79,-65.72
2025-05-26 14:11:32,-23.57,-11.97,-29.09,9.46,9.45,-80.47,-23.87,-23.31,-62.15,-41.89,-38.47,-44.21,6.28,5.78,-66.15
2025-05-26 14:11:32,-23.55,-11.77,-28.99,9.46,9.69,-80.19,-23.87,-23.09,-62.28,-41.89,-38.38,-43.99,6.29,5.69,-66.29
2025-05-26 14:11:32,-23.54,-11.89,-29.1,9.46,9.38,-80.57,-23.87,-23.2,-62.26,-41.88,-38.29,-44.31,6.29,5.84,-65.98
2025-05-26 14:11:32,-23.51,-11.62,-29.1,9.46,9.4,-80.49,-23.87,-22.84,-62.6,-41.87,-38.15,-44.63,6.3,5.68,-65.71
2025-05-26 14:11:32,-23.51,-12.2,-29.2,9.47,9.68,-80.23,-23.87,-22.93,-62.49,-41.86,-38.23,-44.48,6.31,5.61,-65.98
2025-05-26 14:11:32,-23.49,-11.56,-29.24,9.47,9.49,-80.39,-23.87,-23.03,-62.53,-41.86,-38.47,-43.68,6.31,5.78,-65.71
2025-05-26 14:11:32,-23.49,-12.03,-28.78,9.46,9.42,-80.49,-23.87,-23.18,-62.26,-41.86,-38.63,-44.2,6.32,5.79,-65.78
2025-05-26 14:11:32,-23.48,-11.94,-29.05,9.47,9.43,-80.5,-23.87,-23.0,-62.49,-41.85,-38.38,-44.31,6.32,5.8,-66.17
2025-05-26 14:11:33,-23.47,-11.67,-29.27,9.47,9.46,-80.46,-23.86,-22.74,-62.82,-41.84,-38.18,-44.29,6.32,5.71,-65.89
2025-05-26 14:11:33,-23.46,-11.66,-29.3,9.46,9.1,-80.87,-23.87,-23.59,-61.72,-41.83,-38.76,-44.07,6.33,5.51,-66.32
2025-05-26 14:11:33,-23.45,-11.76,-28.87,9.46,9.34,-80.61,-23.87,-23.17,-62.31,-41.83,-38.65,-43.78,6.33,5.53,-66.14
2025-05-26 14:11:33,-23.46,-11.92,-28.92,9.46,9.17,-80.74,-23.88,-23.1,-62.35,-41.84,-38.73,-43.81,6.33,5.93,-65.62
2025-05-26 14:11:33,-23.45,-11.47,-29.13,9.45,9.58,-80.35,-23.89,-23.16,-62.17,-41.85,-38.36,-44.4,6.31,5.53,-66.0
2025-05-26 14:11:33,-23.44,-11.65,-29.38,9.45,9.43,-80.5,-23.89,-23.07,-62.38,-41.85,-38.34,-43.98,6.31,5.71,-66.03
2025-05-26 14:11:33,-23.44,-11.8,-29.25,9.46,9.7,-80.13,-23.88,-23.05,-62.43,-41.84,-38.16,-44.35,6.32,6.04,-65.71
2025-05-26 14:11:33,-23.44,-11.69,-28.96,9.46,9.53,-80.37,-23.89,-23.18,-62.22,-41.85,-38.67,-43.51,6.31,5.65,-66.15
2025-05-26 14:11:33,-23.45,-11.8,-28.79,9.46,9.43,-80.38,-23.9,-23.12,-62.32,-41.86,-38.77,-43.49,6.3,5.61,-66.0
2025-05-26 14:11:34,-23.44,-11.88,-29.07,9.46,9.39,-80.52,-23.89,-22.88,-62.52,-41.86,-38.52,-43.93,6.3,5.82,-66.07
2025-05-26 14:11:34,-23.42,-11.61,-29.2,9.46,9.49,-80.43,-23.88,-22.59,-62.54,-41.85,-38.34,-44.3,6.31,5.7,-65.75
2025-05-26 14:11:34,-23.43,-11.82,-28.91,9.46,9.54,-80.4,-23.87,-23.17,-62.33,-41.85,-38.41,-43.91,6.31,5.85,-65.9
2025-05-26 14:11:34,-23.44,-12.01,-28.75,9.47,9.64,-80.29,-23.87,-23.09,-62.64,-41.86,-39.14,-43.54,6.31,5.65,-65.59
2025-05-26 14:11:34,-23.44,-11.94,-28.75,9.47,9.58,-80.24,-23.87,-23.08,-62.37,-41.85,-38.55,-44.24,6.32,5.53,-66.08
2025-05-26 14:11:34,-23.43,-11.83,-29.24,9.47,9.18,-80.69,-23.86,-22.94,-62.4,-41.84,-38.28,-44.39,6.32,5.58,-65.72
2025-05-26 14:11:34,-23.43,-11.86,-28.97,9.47,9.36,-80.51,-23.86,-23.11,-62.34,-41.83,-38.41,-44.36,6.33,5.82,-65.9
2025-05-26 14:11:34,-23.43,-11.77,-28.89,9.47,9.38,-80.51,-23.87,-23.15,-62.33,-41.83,-38.32,-44.25,6.33,5.78,-66.27
2025-05-26 14:11:34,-23.44,-12.29,-28.88,9.47,9.25,-80.69,-23.87,-23.04,-62.33,-41.82,-38.15,-44.51,6.34,5.71,-65.95
2025-05-26 14:11:35,-23.43,-11.72,-28.97,9.48,9.86,-80.1,-23.87,-23.28,-62.17,-41.81,-38.43,-44.34,6.35,5.8,-66.15
2025-05-26 14:11:35,-23.44,-12.14,-29.16,9.48,9.66,-80.23,-23.86,-22.66,-62.27,-41.8,-38.38,-44.25,6.36,5.79,-65.83
2025-05-26 14:11:35,-23.43,-11.64,-28.91,9.49,9.73,-80.19,-23.86,-23.04,-62.45,-41.79,-38.32,-44.15,6.37,5.78,-66.11
2025-05-26 14:11:35,-23.45,-12.14,-28.84,9.49,9.37,-80.47,-23.86,-23.5,-62.23,-41.8,-38.67,-43.77,6.38,6.04,-65.59
2025-05-26 14:11:35,-23.45,-11.83,-28.94,9.48,9.18,-80.71,-23.86,-23.13,-62.33,-41.81,-38.72,-43.95,6.38,5.94,-66.04
2025-05-26 14:11:35,-23.47,-12.19,-29.21,9.47,9.34,-80.58,-23.86,-23.01,-62.47,-41.81,-38.43,-44.17,6.37,5.63,-65.84
2025-05-26 14:11:35,-23.49,-11.82,-28.55,9.47,9.52,-80.36,-23.85,-22.93,-62.46,-41.82,-38.31,-43.8,6.35,6.05,-65.78
2025-05-26 14:11:35,-23.49,-11.82,-29.24,9.46,9.65,-80.25,-23.86,-23.25,-62.04,-41.83,-38.5,-43.86,6.34,5.6,-65.91
2025-05-26 14:11:36,-23.5,-11.91,-29.16,9.45,9.23,-80.65,-23.86,-23.2,-62.23,-41.81,-38.21,-44.32,6.34,6.09,-65.69
2025-05-26 14:11:36,-23.51,-11.74,-28.82,9.45,9.16,-80.76,-23.86,-23.03,-62.47,-41.8,-38.79,-43.56,6.34,5.67,-66.14
2025-05-26 14:11:36,-23.5,-11.63,-28.81,9.45,9.24,-80.57,-23.85,-22.99,-62.38,-41.78,-38.29,-44.11,6.37,5.95,-65.95
2025-05-26 14:11:36,-23.5,-11.93,-28.95,9.46,9.48,-80.41,-23.84,-22.92,-62.25,-41.78,-38.66,-43.86,6.39,5.68,-66.19
2025-05-26 14:11:36,-23.51,-12.33,-28.93,9.45,9.22,-80.61,-23.83,-22.82,-62.48,-41.78,-38.68,-43.76,6.41,6.03,-66.03
2025-05-26 14:11:36,-23.52,-12.15,-28.58,9.46,9.48,-80.37,-23.83,-23.08,-62.38,-41.79,-38.23,-43.56,6.42,6.02,-66.07
2025-05-26 14:11:36,-23.53,-12.16,-28.27,9.45,9.27,-80.5,-23.82,-22.74,-62.56,-41.84,-38.73,-43.18,6.42,5.77,-65.86
2025-05-26 14:11:36,-23.52,-11.85,-28.79,9.45,9.6,-80.35,-23.81,-22.88,-62.62,-41.87,-38.2,-44.22,6.42,5.91,-66.35
2025-05-26 14:11:36,-23.53,-12.15,-29.23,9.46,9.37,-80.51,-23.8,-22.69,-62.61,-41.88,-38.4,-44.51,6.43,5.74,-66.31
2025-05-26 14:11:36,-23.5,-11.4,-29.08,9.46,9.74,-80.19,-23.8,-22.82,-62.62,-41.91,-38.68,-43.3,6.44,6.07,-65.55
2025-05-26 14:11:37,-23.49,-11.72,-28.95,9.47,9.73,-80.2,-23.79,-22.92,-62.45,-41.89,-38.41,-44.09,6.45,5.91,-66.22
2025-05-26 14:11:37,-23.49,-12.1,-28.95,9.47,9.4,-80.48,-23.79,-23.18,-62.21,-41.89,-38.59,-44.29,6.48,6.0,-66.49
2025-05-26 14:11:37,-23.47,-11.82,-28.88,9.48,9.2,-80.74,-23.78,-23.01,-62.3,-41.9,-38.44,-44.24,6.49,5.3,-66.57
2025-05-26 14:11:37,-23.45,-11.94,-28.79,9.48,9.26,-80.51,-23.77,-22.81,-62.75,-41.89,-37.9,-45.24,6.5,5.39,-66.35
2025-05-26 14:11:37,-23.45,-12.08,-28.97,9.48,9.32,-80.58,-23.76,-23.06,-62.3,-41.92,-38.85,-44.07,6.51,5.34,-66.24
2025-05-26 14:11:37,-23.43,-11.65,-28.46,9.47,9.38,-80.43,-23.76,-22.92,-62.28,-41.94,-38.63,-43.62,6.5,5.7,-65.39
2025-05-26 14:11:37,-23.44,-11.93,-29.29,9.46,9.41,-80.53,-23.74,-22.9,-62.47,-41.91,-38.29,-45.26,6.5,5.93,-65.88
2025-05-26 14:11:37,-23.48,-12.24,-28.75,9.47,9.57,-80.24,-23.73,-22.74,-62.7,-41.9,-38.35,-44.68,6.49,5.84,-65.8
2025-05-26 14:11:37,-23.52,-12.27,-28.77,9.46,9.12,-80.54,-23.73,-23.16,-62.26,-41.88,-38.63,-44.6,6.47,5.17,-66.25
2025-05-26 14:11:38,-23.56,-12.14,-28.51,9.45,9.22,-80.66,-23.73,-23.65,-61.73,-41.91,-38.85,-44.23,6.45,5.55,-66.44
2025-05-26 14:11:38,-23.58,-11.94,-28.69,9.44,9.03,-80.78,-23.72,-23.16,-62.49,-41.98,-39.08,-44.23,6.42,5.63,-66.28
2025-05-26 14:11:38,-23.6,-11.92,-28.56,9.42,9.39,-80.38,-23.72,-22.91,-62.69,-41.99,-38.08,-45.31,6.4,6.3,-65.76
2025-05-26 14:11:38,-23.63,-11.96,-29.18,9.41,9.47,-80.5,-23.72,-22.96,-62.38,-41.97,-37.53,-45.74,6.36,5.95,-66.65
2025-05-26 14:11:38,-23.66,-11.55,-28.7,9.4,9.39,-80.47,-23.71,-23.04,-62.59,-41.98,-38.24,-45.28,6.34,5.74,-66.57
2025-05-26 14:11:38,-23.7,-11.8,-28.94,9.4,9.42,-80.45,-23.73,-23.09,-62.5,-42.02,-38.16,-44.65,6.31,5.46,-66.34
2025-05-26 14:11:38,-23.73,-11.82,-29.67,9.4,9.95,-79.91,-23.75,-23.22,-62.46,-42.01,-37.82,-46.05,6.28,5.99,-66.78
2025-05-26 14:11:38,-23.78,-12.05,-28.67,9.4,9.15,-80.67,-23.75,-23.19,-62.39,-41.99,-38.49,-44.36,6.27,5.42,-67.08
2025-05-26 14:11:38,-23.79,-11.98,-29.07,9.4,9.42,-80.43,-23.76,-22.95,-62.67,-42.01,-38.52,-43.99,6.25,5.68,-66.35
2025-05-26 14:11:39,-23.79,-11.96,-27.99,9.39,9.52,-80.21,-23.76,-22.91,-62.59,-42.07,-38.51,-44.37,6.24,6.15,-65.31
2025-05-26 14:11:39,-23.76,-11.43,-28.68,9.39,9.72,-79.9,-23.77,-23.0,-62.07,-42.1,-38.45,-44.41,6.23,6.34,-65.94
2025-05-26 14:11:39,-23.74,-11.6,-28.35,9.39,9.6,-80.23,-23.76,-22.96,-62.47,-42.12,-38.22,-44.34,6.23,5.89,-65.95
2025-05-26 14:11:39,-23.72,-11.76,-28.59,9.38,9.31,-80.52,-23.75,-22.88,-62.68,-42.14,-38.32,-44.65,6.24,5.94,-65.77
2025-05-26 14:11:39,-23.7,-12.11,-28.68,9.38,9.7,-80.12,-23.76,-23.04,-62.49,-42.17,-38.12,-45.19,6.24,6.02,-65.77
2025-05-26 14:11:39,-23.68,-11.66,-28.83,9.38,9.55,-80.26,-23.75,-23.3,-62.29,-42.2,-38.09,-44.85,6.23,5.84,-65.77
2025-05-26 14:11:39,-23.64,-11.46,-29.07,9.37,9.56,-80.25,-23.75,-22.83,-62.67,-42.2,-38.01,-44.96,6.23,5.96,-65.53
2025-05-26 14:11:39,-23.59,-11.18,-29.2,9.37,9.59,-80.19,-23.74,-23.0,-62.46,-42.17,-38.31,-44.67,6.25,5.61,-65.93
2025-05-26 14:11:39,-23.54,-11.66,-28.92,9.37,9.42,-80.48,-23.74,-23.27,-62.39,-42.13,-37.89,-45.65,6.29,5.91,-66.08
2025-05-26 14:11:40,-23.52,-11.79,-29.09,9.39,9.74,-80.19,-23.73,-22.86,-62.55,-42.09,-37.61,-46.12,6.33,6.48,-65.8
2025-05-26 14:11:40,-23.51,-11.69,-29.51,9.4,9.38,-80.55,-23.73,-22.93,-62.41,-42.05,-37.78,-46.17,6.35,5.54,-66.37
2025-05-26 14:11:40,-23.51,-11.83,-29.81,9.42,9.51,-80.41,-23.74,-23.07,-62.64,-41.99,-37.92,-45.95,6.39,6.11,-66.36
2025-05-26 14:11:40,-23.56,-11.96,-28.64,9.45,9.4,-80.47,-23.74,-23.08,-62.62,-41.96,-38.66,-44.4,6.41,5.27,-66.79
2025-05-26 14:11:40,-23.56,-12.37,-29.17,9.45,9.25,-80.46,-23.75,-23.05,-62.5,-41.96,-38.78,-44.55,6.41,5.38,-66.18
2025-05-26 14:11:40,-23.52,-11.39,-29.84,9.46,10.04,-79.67,-23.75,-22.9,-62.48,-41.91,-37.46,-45.71,6.41,5.96,-66.11
2025-05-26 14:11:40,-23.52,-11.58,-29.97,9.47,9.5,-80.43,-23.75,-23.06,-62.3,-41.81,-38.11,-45.34,6.41,5.29,-66.65
2025-05-26 14:11:40,-23.53,-11.99,-28.7,9.47,9.17,-80.65,-23.75,-23.18,-62.32,-41.75,-38.83,-44.21,6.42,5.49,-65.93
2025-05-26 14:11:40,-23.51,-11.68,-28.19,9.46,9.27,-80.34,-23.75,-22.97,-62.23,-41.73,-38.82,-43.95,6.42,5.49,-65.3
2025-05-26 14:11:41,-23.49,-11.88,-27.58,9.46,9.6,-79.94,-23.73,-22.79,-62.38,-41.73,-38.5,-43.92,6.44,6.03,-64.55
2025-05-26 14:11:41,-23.48,-11.55,-27.53,9.45,9.4,-80.22,-23.72,-23.09,-62.33,-41.73,-38.28,-44.72,6.46,6.17,-65.03
2025-05-26 14:11:41,-23.46,-11.52,-28.33,9.45,9.56,-80.21,-23.71,-23.19,-62.29,-41.72,-38.02,-44.85,6.48,5.84,-66.12
2025-05-26 14:11:41,-23.43,-11.6,-28.87,9.46,9.76,-79.96,-23.69,-22.74,-62.5,-41.7,-38.12,-44.95,6.5,6.1,-66.24
2025-05-26 14:11:41,-23.39,-11.28,-29.04,9.48,9.77,-80.02,-23.67,-22.82,-62.14,-41.66,-38.23,-45.11,6.54,6.19,-66.18
2025-05-26 14:11:41,-23.36,-11.81,-28.58,9.49,9.72,-79.92,-23.66,-23.1,-62.04,-41.62,-38.64,-44.39,6.57,5.55,-66.58
2025-05-26 14:11:41,-23.34,-12.16,-28.37,9.49,9.71,-80.03,-23.64,-22.99,-62.98,-41.66,-38.9,-44.3,6.58,5.8,-65.69
2025-05-26 14:11:41,-23.31,-11.32,-28.6,9.49,9.87,-79.9,-23.66,-23.47,-62.72,-41.69,-38.41,-45.23,6.59,6.18,-66.14
2025-05-26 14:11:41,-23.31,-11.68,-29.65,9.5,9.34,-80.54,-23.67,-23.64,-62.08,-41.66,-38.28,-45.82,6.61,5.57,-67.15
2025-05-26 14:11:41,-23.34,-12.3,-29.98,9.5,8.55,-81.26,-23.67,-23.36,-62.11,-41.61,-38.4,-45.79,6.61,4.8,-67.38
2025-05-26 14:11:42,-23.34,-12.03,-29.55,9.5,9.25,-80.63,-23.67,-22.85,-62.52,-41.59,-38.68,-44.97,6.61,5.09,-67.17
